Profile,Type,sqrt_engagement_zscore,Time_Frame,Treatment,Followers,Month,num_posts
vinted,IMAGE,-0.4505688180330047,0.0,0.0,541237,5,145
vinted,IMAGE,0.25647285177186385,0.0,0.0,541237,5,145
vinted,CAROUSEL_ALBUM,1.1961622897883133,0.0,0.0,541237,5,145
vinted,CAROUSEL_ALBUM,0.454930759124543,0.0,0.0,541237,5,145
vinted,CAROUSEL_ALBUM,-0.3138455253726781,0.0,0.0,541237,5,145
vinted,IMAGE,0.3953603151184106,1.0,0.0,541237,6,145
vinted,CAROUSEL_ALBUM,0.09079291334274073,1.0,0.0,541237,6,145
vinted,IMAGE,-0.44028814366987135,1.0,0.0,541237,6,145
vinted,IMAGE,-0.6780674058437429,1.0,0.0,541237,6,145
vinted,CAROUSEL_ALBUM,0.5305109336385154,1.0,0.0,541237,6,145
urbanic,IMAGE,-0.19011252681567112,0.0,0.0,56950,9,46
urbanic,IMAGE,0.832398196159799,0.0,0.0,56950,9,46
urbanic,CAROUSEL_ALBUM,0.025425384288629296,0.0,0.0,56950,10,46
urbanic,CAROUSEL_ALBUM,0.20062237200812982,0.0,0.0,56950,11,46
urbanic,reel,0.27874186007161667,0.0,0.0,56950,11,46
urbanic,reel,-0.32603245174607487,1.0,0.0,56950,11,46
urbanic,reel,-0.32603245174607487,1.0,0.0,56950,11,46
urbanic,reel,0.025425384288629296,1.0,0.0,56950,11,46
urbanic,IMAGE,-0.9308067635637665,1.0,0.0,56950,11,46
urbanic,IMAGE,0.025425384288629296,1.0,0.0,56950,11,46
urbanic,reel,0.025425384288629296,0.0,0.0,56950,4,46
urbanic,CAROUSEL_ALBUM,-0.19011252681567112,0.0,0.0,56950,5,46
urbanic,CAROUSEL_ALBUM,-0.19011252681567112,0.0,0.0,56950,5,46
urbanic,CAROUSEL_ALBUM,-0.5031667465900492,0.0,0.0,56950,5,46
urbanic,IMAGE,-0.5031667465900492,0.0,0.0,56950,5,46
urbanic,reel,-0.32603245174607487,1.0,0.0,56950,5,46
urbanic,reel,-0.9308067635637665,1.0,0.0,56950,6,46
urbanic,reel,-0.07552672961633192,1.0,0.0,56950,6,46
urbanic,CAROUSEL_ALBUM,0.883516171889308,1.0,0.0,56950,6,46
urbanic,reel,-0.32603245174607487,1.0,0.0,56950,6,46
urbanic,CAROUSEL_ALBUM,-0.32603245174607487,0.0,0.0,56950,11,46
urbanic,reel,0.7254359003472977,0.0,0.0,56950,12,46
urbanic,CAROUSEL_ALBUM,-0.07552672961633192,0.0,0.0,56950,12,46
urbanic,reel,-0.32603245174607487,0.0,0.0,56950,12,46
urbanic,IMAGE,-0.5031667465900492,0.0,0.0,56950,12,46
urbanic,reel,-0.9308067635637665,1.0,0.0,56950,12,46
urbanic,CAROUSEL_ALBUM,-0.5031667465900492,1.0,0.0,56950,12,46
urbanic,IMAGE,-0.07552672961633192,1.0,0.0,56950,12,46
urbanic,IMAGE,-0.9308067635637665,1.0,0.0,56950,1,46
urbanic,IMAGE,0.35211328735738534,1.0,0.0,56950,1,46
stockx,reel,-0.14552919696833022,0.0,0.0,4187789,12,276
stockx,reel,0.09170910167462569,0.0,0.0,4187789,1,276
stockx,reel,-0.3870607051356263,0.0,0.0,4187789,1,276
stockx,reel,-0.08182853423836534,0.0,0.0,4187789,1,276
stockx,reel,-0.3578807586464343,0.0,0.0,4187789,1,276
stockx,reel,-0.07873762581368449,1.0,0.0,4187789,1,276
stockx,reel,-0.5503742787068109,1.0,0.0,4187789,1,276
stockx,reel,-0.46110844827897285,1.0,0.0,4187789,1,276
stockx,reel,-0.6025470563610371,1.0,0.0,4187789,1,276
stockx,reel,-0.14164917982690786,1.0,0.0,4187789,1,276
stockx,reel,0.07652462900858191,0.0,0.0,4187789,11,276
stockx,reel,-0.6361737459464493,0.0,0.0,4187789,11,276
stockx,reel,0.53765928558234,0.0,0.0,4187789,11,276
stockx,reel,0.18682950295341158,0.0,0.0,4187789,11,276
stockx,reel,-0.24662848521675226,0.0,0.0,4187789,11,276
stockx,reel,-0.5227103736213558,1.0,0.0,4187789,11,276
stockx,reel,-0.5626491976625222,1.0,0.0,4187789,11,276
stockx,reel,0.09853352206657999,1.0,0.0,4187789,11,276
stockx,reel,0.600490495756131,1.0,0.0,4187789,11,276
stockx,reel,-0.33420215771874046,1.0,0.0,4187789,11,276
stockx,reel,-0.37206696376733467,0.0,0.0,4187789,9,276
stockx,reel,-0.42946052949299984,0.0,0.0,4187789,9,276
stockx,reel,-0.18217443268364936,0.0,0.0,4187789,9,276
stockx,reel,-0.22155151326043687,0.0,0.0,4187789,9,276
stockx,reel,0.7303536192995428,0.0,0.0,4187789,9,276
stockx,reel,-0.3898131969099245,1.0,0.0,4187789,9,276
stockx,reel,-0.5227103736213558,1.0,0.0,4187789,9,276
stockx,reel,0.05389439958530969,1.0,0.0,4187789,9,276
stockx,reel,0.07704650821811362,1.0,0.0,4187789,9,276
stockx,reel,-0.2488446175485897,1.0,0.0,4187789,9,276
stockx,reel,-0.15223334316722112,0.0,0.0,4187789,6,276
stockx,reel,-0.5585351657662617,0.0,0.0,4187789,6,276
stockx,reel,-0.44398730119428226,0.0,0.0,4187789,6,276
stockx,reel,0.05800083691076736,0.0,0.0,4187789,6,276
stockx,reel,-0.04925064422060042,0.0,0.0,4187789,7,276
stockx,reel,-0.5818248294955416,1.0,0.0,4187789,7,276
stockx,CAROUSEL_ALBUM,-0.44085389176523676,1.0,0.0,4187789,7,276
stockx,reel,-0.5430095219147739,1.0,0.0,4187789,7,276
stockx,reel,-0.5425368152943516,1.0,0.0,4187789,7,276
stockx,reel,0.2721322694707102,1.0,0.0,4187789,7,276
stockx,reel,-0.4329662412606787,0.0,0.0,4187789,6,276
stockx,reel,-0.2975791884724879,0.0,0.0,4187789,6,276
stockx,reel,0.017590135332064584,0.0,0.0,4187789,6,276
stockx,reel,-0.5273300124397193,0.0,0.0,4187789,6,276
stockx,reel,-0.05399682974118099,0.0,0.0,4187789,6,276
stockx,reel,-0.4325530744307699,1.0,0.0,4187789,6,276
stockx,CAROUSEL_ALBUM,-0.14755194080403317,1.0,0.0,4187789,6,276
stockx,reel,-0.3194629979780045,1.0,0.0,4187789,6,276
stockx,reel,-0.47423470410021756,1.0,0.0,4187789,6,276
stockx,reel,-0.2469691268594394,1.0,0.0,4187789,6,276
stockx,reel,-0.42699432558355593,0.0,0.0,4187789,12,276
stockx,reel,0.048710558705939336,0.0,0.0,4187789,12,276
stockx,reel,-0.08433642503400487,0.0,0.0,4187789,12,276
stockx,reel,-0.08892293922089961,0.0,0.0,4187789,12,276
stockx,reel,-0.5394713260090478,0.0,0.0,4187789,12,276
stockx,reel,-0.6415815869275894,1.0,0.0,4187789,12,276
stockx,reel,0.08095434384794696,1.0,0.0,4187789,12,276
stockx,reel,-0.6254869386438178,1.0,0.0,4187789,12,276
stockx,reel,0.039892427368985184,1.0,0.0,4187789,12,276
stockx,reel,-0.5918581320334794,1.0,0.0,4187789,12,276
stockx,reel,-0.5250167781361625,0.0,0.0,4187789,7,276
stockx,reel,-0.5675185695560859,0.0,0.0,4187789,7,276
stockx,reel,-0.13361986892677716,0.0,0.0,4187789,7,276
stockx,reel,-0.33792200347269974,0.0,0.0,4187789,7,276
stockx,reel,-0.1882911549464073,0.0,0.0,4187789,7,276
stockx,reel,-0.20160579943112036,1.0,0.0,4187789,7,276
stockx,CAROUSEL_ALBUM,-1.192214149611285,1.0,0.0,4187789,7,276
stockx,reel,-0.2909816181456589,1.0,0.0,4187789,7,276
stockx,reel,-0.2615490690244328,1.0,0.0,4187789,7,276
stockx,reel,-0.12549233501733503,1.0,0.0,4187789,7,276
stockx,reel,-0.08729349099158819,0.0,0.0,4187789,5,276
stockx,reel,-0.22705523318534793,0.0,0.0,4187789,5,276
stockx,reel,0.5443992172829392,0.0,0.0,4187789,5,276
stockx,reel,-0.21806363988991198,0.0,0.0,4187789,5,276
stockx,reel,-0.42351233191010157,0.0,0.0,4187789,5,276
stockx,reel,-0.1786483386373113,1.0,0.0,4187789,5,276
stockx,reel,0.4591696235919216,1.0,0.0,4187789,5,276
stockx,reel,-0.43379316194440154,1.0,0.0,4187789,5,276
stockx,reel,-0.09085146733793428,1.0,0.0,4187789,5,276
stockx,reel,-0.5425368152943516,1.0,0.0,4187789,5,276
stockx,reel,0.33556377241304175,0.0,0.0,4187789,11,276
stockx,reel,-1.178760619308389,0.0,0.0,4187789,11,276
stockx,reel,-1.2004251958591297,0.0,0.0,4187789,11,276
stockx,reel,-0.16623461464870898,0.0,0.0,4187789,11,276
stockx,reel,-1.2212385086763011,0.0,0.0,4187789,11,276
stockx,reel,-0.5069775682776922,1.0,0.0,4187789,11,276
stockx,reel,-0.5508518901344136,1.0,0.0,4187789,11,276
stockx,reel,-0.4928785800653843,1.0,0.0,4187789,11,276
stockx,reel,0.6344456402742105,1.0,0.0,4187789,11,276
stockx,reel,-0.08050290476393866,1.0,0.0,4187789,12,276
stockx,reel,-0.31708862957282286,0.0,0.0,4187789,7,276
stockx,reel,-0.09382442389469314,0.0,0.0,4187789,8,276
stockx,reel,-0.5108248748405275,0.0,0.0,4187789,8,276
stockx,reel,-0.38080003790902495,0.0,0.0,4187789,8,276
stockx,reel,-0.00800994243931168,0.0,0.0,4187789,8,276
stockx,reel,-0.47989287834777555,1.0,0.0,4187789,8,276
stockx,reel,-0.19314389005100432,1.0,0.0,4187789,8,276
stockx,reel,-0.4375240462902127,1.0,0.0,4187789,8,276
stockx,reel,-0.06921947755972876,1.0,0.0,4187789,8,276
stockx,reel,-0.5183468064283491,1.0,0.0,4187789,8,276
stockx,reel,-0.3983194547960368,0.0,0.0,4187789,4,276
stockx,reel,-0.5643498421464539,0.0,0.0,4187789,4,276
stockx,reel,-0.3338309558225684,0.0,0.0,4187789,4,276
stockx,reel,-0.5359493829835644,0.0,0.0,4187789,4,276
stockx,reel,-0.45387990944914514,0.0,0.0,4187789,4,276
stockx,reel,-0.5496584269201107,1.0,0.0,4187789,4,276
stockx,CAROUSEL_ALBUM,0.21555794297388536,1.0,0.0,4187789,4,276
stockx,reel,-0.5456146598254329,1.0,0.0,4187789,4,276
stockx,reel,0.1439140060048855,1.0,0.0,4187789,4,276
stockx,reel,-0.48624998056693175,1.0,0.0,4187789,4,276
stockx,reel,-0.7497501498635479,0.0,0.0,4187789,4,276
stockx,reel,-0.3774912246935161,0.0,0.0,4187789,4,276
stockx,reel,-0.6662003528083418,0.0,0.0,4187789,4,276
stockx,reel,-0.624162861631516,0.0,0.0,4187789,4,276
stockx,reel,-0.5456146598254329,0.0,0.0,4187789,4,276
stockx,reel,-0.7658728630935214,1.0,0.0,4187789,4,276
stockx,reel,-0.7359770748128457,1.0,0.0,4187789,4,276
stockx,reel,-0.28690194915442735,1.0,0.0,4187789,4,276
stockx,reel,-0.4184165618554185,1.0,0.0,4187789,4,276
stockx,reel,-0.691804809138029,1.0,0.0,4187789,4,276
stockx,reel,-0.08418875957182109,0.0,0.0,4187789,10,276
stockx,reel,0.2634197669551602,0.0,0.0,4187789,10,276
stockx,reel,-1.2377007488745615,0.0,0.0,4187789,10,276
stockx,reel,-0.06892777261289516,0.0,0.0,4187789,10,276
stockx,reel,-0.6102825119298103,0.0,0.0,4187789,10,276
stockx,reel,-0.5933753078815843,1.0,0.0,4187789,10,276
stockx,reel,-0.4602548260016137,1.0,0.0,4187789,10,276
stockx,reel,0.32520000907172236,1.0,0.0,4187789,10,276
stockx,reel,-0.3169062218888674,1.0,0.0,4187789,10,276
stockx,reel,-0.382361227126252,1.0,0.0,4187789,10,276
stockx,reel,0.04937626151528808,0.0,0.0,4187789,6,276
stockx,reel,-0.28690194915442735,0.0,0.0,4187789,6,276
stockx,reel,-0.4829556952753726,0.0,0.0,4187789,6,276
stockx,reel,0.0030621927684900993,0.0,0.0,4187789,6,276
stockx,reel,0.3005708318994326,0.0,0.0,4187789,6,276
stockx,reel,-0.5798347997625115,1.0,0.0,4187789,6,276
stockx,reel,-0.484711003439129,1.0,0.0,4187789,6,276
stockx,reel,-0.2536336733458031,1.0,0.0,4187789,6,276
stockx,reel,0.17664306185006245,1.0,0.0,4187789,6,276
stockx,reel,-0.5268668162792564,1.0,0.0,4187789,6,276
stockx,CAROUSEL_ALBUM,0.051637209795421406,0.0,0.0,4187789,2,276
stockx,CAROUSEL_ALBUM,-1.249204218511705,0.0,0.0,4187789,2,276
stockx,reel,-0.576612578403459,0.0,0.0,4187789,2,276
stockx,CAROUSEL_ALBUM,-0.2644895448815217,0.0,0.0,4187789,2,276
stockx,reel,-0.35731011561288584,0.0,0.0,4187789,2,276
stockx,reel,-0.7024700463874519,1.0,0.0,4187789,2,276
stockx,reel,-0.6340227916447119,1.0,0.0,4187789,2,276
stockx,reel,0.32054805035521367,1.0,0.0,4187789,2,276
stockx,reel,-0.5845700810726833,1.0,0.0,4187789,2,276
stockx,reel,-0.6120998559867361,1.0,0.0,4187789,2,276
lenskart,CAROUSEL_ALBUM,-0.1562782183974114,0.0,0.0,1045041,6,857
lenskart,CAROUSEL_ALBUM,0.15362926818873396,0.0,0.0,1045041,6,857
lenskart,reel,-0.1346194354072188,0.0,0.0,1045041,6,857
lenskart,reel,-0.6127495129341985,0.0,0.0,1045041,6,857
lenskart,reel,-0.6801302243667425,0.0,0.0,1045041,6,857
lenskart,CAROUSEL_ALBUM,-0.07757123856022465,1.0,0.0,1045041,6,857
lenskart,reel,-0.07757123856022465,1.0,0.0,1045041,6,857
lenskart,CAROUSEL_ALBUM,-0.09379915040667454,1.0,0.0,1045041,6,857
lenskart,reel,-0.6641426374513046,1.0,0.0,1045041,6,857
lenskart,reel,-0.7003052442137929,1.0,0.0,1045041,6,857
lenskart,IMAGE,0.13732711968531766,0.0,0.0,1045041,9,857
lenskart,reel,0.34241487274171584,0.0,0.0,1045041,9,857
lenskart,reel,0.032277309894831095,0.0,0.0,1045041,9,857
lenskart,reel,1.6600919288029334,0.0,0.0,1045041,9,857
lenskart,IMAGE,-0.09692682659633131,0.0,0.0,1045041,9,857
lenskart,CAROUSEL_ALBUM,0.3062660931208653,1.0,0.0,1045041,9,857
lenskart,reel,0.28884706562730733,1.0,0.0,1045041,9,857
lenskart,CAROUSEL_ALBUM,1.0602451512727886,1.0,0.0,1045041,9,857
lenskart,CAROUSEL_ALBUM,-0.23754170059493085,1.0,0.0,1045041,9,857
lenskart,CAROUSEL_ALBUM,0.07589796790891672,1.0,0.0,1045041,9,857
mejuri,CAROUSEL_ALBUM,0.7080590696933124,0.0,0.0,1267790,11,416
mejuri,reel,-0.31177067952043164,0.0,0.0,1267790,11,416
mejuri,CAROUSEL_ALBUM,0.24916613811986937,0.0,0.0,1267790,11,416
mejuri,CAROUSEL_ALBUM,0.5815762370705748,0.0,0.0,1267790,11,416
mejuri,CAROUSEL_ALBUM,0.46323267403890805,0.0,0.0,1267790,11,416
mejuri,CAROUSEL_ALBUM,-0.31950645089440816,1.0,0.0,1267790,11,416
mejuri,CAROUSEL_ALBUM,-0.37856791336773876,1.0,0.0,1267790,11,416
mejuri,reel,-0.1385951661289008,1.0,0.0,1267790,11,416
mejuri,CAROUSEL_ALBUM,0.38285154036670616,1.0,0.0,1267790,11,416
mejuri,CAROUSEL_ALBUM,-0.19199179451617412,1.0,0.0,1267790,11,416
mejuri,CAROUSEL_ALBUM,0.4749920093706171,0.0,0.0,1267790,9,416
mejuri,CAROUSEL_ALBUM,-0.8323192768533886,0.0,0.0,1267790,9,416
mejuri,IMAGE,-0.6319578439273983,0.0,0.0,1267790,9,416
mejuri,CAROUSEL_ALBUM,-0.4715598592403352,0.0,0.0,1267790,9,416
mejuri,CAROUSEL_ALBUM,-0.005416296705045402,0.0,0.0,1267790,9,416
mejuri,CAROUSEL_ALBUM,-0.5910501041479249,1.0,0.0,1267790,9,416
mejuri,reel,-0.7069910954953905,1.0,0.0,1267790,9,416
mejuri,reel,1.383167255170138,1.0,0.0,1267790,9,416
mejuri,reel,1.3290233875053477,1.0,0.0,1267790,9,416
mejuri,CAROUSEL_ALBUM,0.6731328912128057,1.0,0.0,1267790,9,416
mejuri,IMAGE,-0.04804518475234609,0.0,0.0,1267790,11,416
mejuri,reel,-0.04627204513555027,0.0,0.0,1267790,11,416
mejuri,CAROUSEL_ALBUM,1.049653360130076,0.0,0.0,1267790,11,416
mejuri,reel,-0.18232155135690395,0.0,0.0,1267790,11,416
mejuri,reel,0.5694969403729192,0.0,0.0,1267790,11,416
mejuri,reel,0.09108289480711498,1.0,0.0,1267790,11,416
mejuri,reel,1.367473064959307,1.0,0.0,1267790,11,416
mejuri,CAROUSEL_ALBUM,0.6351697279995568,1.0,0.0,1267790,11,416
mejuri,CAROUSEL_ALBUM,-0.39784141455471356,1.0,0.0,1267790,11,416
mejuri,reel,-0.4810806097768099,1.0,0.0,1267790,11,416
mejuri,reel,-0.45428969950502845,0.0,0.0,1267790,7,416
mejuri,reel,-0.7764384418488183,0.0,0.0,1267790,7,416
mejuri,IMAGE,-0.318801446504824,0.0,0.0,1267790,7,416
mejuri,reel,-0.09908510321503877,0.0,0.0,1267790,7,416
mejuri,CAROUSEL_ALBUM,-0.4265229599233862,0.0,0.0,1267790,7,416
mejuri,IMAGE,-0.633771073571523,1.0,0.0,1267790,7,416
mejuri,IMAGE,-0.29088447470153617,1.0,0.0,1267790,7,416
mejuri,reel,-0.7629727238811748,1.0,0.0,1267790,7,416
mejuri,IMAGE,-0.735588009631054,1.0,0.0,1267790,7,416
mejuri,reel,0.007225635154650085,1.0,0.0,1267790,7,416
mejuri,CAROUSEL_ALBUM,-0.6905931608634808,0.0,0.0,1267790,4,416
mejuri,IMAGE,-0.6265360341624864,0.0,0.0,1267790,4,416
mejuri,CAROUSEL_ALBUM,0.29585491057987356,0.0,0.0,1267790,4,416
mejuri,IMAGE,-0.6576220538341626,0.0,0.0,1267790,4,416
mejuri,IMAGE,0.25067320810522437,0.0,0.0,1267790,4,416
mejuri,CAROUSEL_ALBUM,-0.6015786895507137,1.0,0.0,1267790,4,416
mejuri,CAROUSEL_ALBUM,-0.5574850195177078,1.0,0.0,1267790,4,416
mejuri,reel,-0.8650505366246052,1.0,0.0,1267790,4,416
mejuri,CAROUSEL_ALBUM,-0.6202440717318966,1.0,0.0,1267790,4,416
mejuri,CAROUSEL_ALBUM,-0.49549941679639786,1.0,0.0,1267790,4,416
mejuri,CAROUSEL_ALBUM,-0.4426474324935781,0.0,0.0,1267790,3,416
mejuri,IMAGE,-0.7702000162842731,0.0,0.0,1267790,3,416
mejuri,IMAGE,-0.345125638430471,0.0,0.0,1267790,3,416
mejuri,CAROUSEL_ALBUM,-0.1816790161028039,0.0,0.0,1267790,3,416
mejuri,CAROUSEL_ALBUM,-0.5583336498313409,0.0,0.0,1267790,3,416
mejuri,CAROUSEL_ALBUM,0.23301872879922358,1.0,0.0,1267790,3,416
mejuri,CAROUSEL_ALBUM,-0.5694223172159308,1.0,0.0,1267790,3,416
mejuri,CAROUSEL_ALBUM,-0.7712369346074929,1.0,0.0,1267790,3,416
mejuri,CAROUSEL_ALBUM,-0.318096794177423,1.0,0.0,1267790,3,416
mejuri,reel,-0.6706873270107353,1.0,0.0,1267790,3,416
veja,reel,0.030488863416384578,0.0,0.0,1056434,7,362
veja,IMAGE,0.542847303077599,0.0,0.0,1056434,7,362
veja,IMAGE,0.9184133900958971,0.0,0.0,1056434,7,362
veja,IMAGE,-0.3123336034300226,0.0,0.0,1056434,7,362
veja,CAROUSEL_ALBUM,1.7028541103666315,0.0,0.0,1056434,7,362
veja,IMAGE,1.2280209850730834,1.0,0.0,1056434,7,362
veja,CAROUSEL_ALBUM,0.5184157136535725,1.0,0.0,1056434,7,362
veja,CAROUSEL_ALBUM,-0.6285519926397863,1.0,0.0,1056434,7,362
veja,CAROUSEL_ALBUM,-0.8708081075542595,1.0,0.0,1056434,7,362
veja,CAROUSEL_ALBUM,-0.9040591679428917,1.0,0.0,1056434,7,362
veja,CAROUSEL_ALBUM,-0.6953854596264365,0.0,0.0,1056434,11,362
veja,IMAGE,-1.0006872436681764,0.0,0.0,1056434,11,362
veja,CAROUSEL_ALBUM,-0.2712021694994768,0.0,0.0,1056434,11,362
veja,CAROUSEL_ALBUM,-0.6107515830188799,0.0,0.0,1056434,11,362
veja,CAROUSEL_ALBUM,-0.5808684290137947,0.0,0.0,1056434,11,362
veja,CAROUSEL_ALBUM,-0.9950577076824569,1.0,0.0,1056434,12,362
veja,CAROUSEL_ALBUM,-0.8771321520929515,1.0,0.0,1056434,12,362
veja,CAROUSEL_ALBUM,-1.0148892024458327,1.0,0.0,1056434,12,362
veja,reel,1.5908797585428514,1.0,0.0,1056434,12,362
veja,CAROUSEL_ALBUM,-0.6029658797439114,1.0,0.0,1056434,12,362
veja,CAROUSEL_ALBUM,0.8349201253556033,0.0,0.0,1056434,10,362
veja,CAROUSEL_ALBUM,0.49763194096860686,0.0,0.0,1056434,10,362
veja,CAROUSEL_ALBUM,-0.8255951664378368,0.0,0.0,1056434,10,362
veja,CAROUSEL_ALBUM,-0.7778251221600897,0.0,0.0,1056434,10,362
veja,IMAGE,-1.088128623743062,0.0,0.0,1056434,10,362
veja,CAROUSEL_ALBUM,-0.10623844033158138,1.0,0.0,1056434,10,362
veja,IMAGE,-0.6637366641988166,1.0,0.0,1056434,10,362
veja,IMAGE,-0.9079556606625652,1.0,0.0,1056434,10,362
veja,CAROUSEL_ALBUM,0.8695382928156068,1.0,0.0,1056434,10,362
veja,CAROUSEL_ALBUM,-0.2610632854515508,1.0,0.0,1056434,10,362
rixo,reel,-0.17106763774185565,0.0,0.0,483895,6,981
rixo,CAROUSEL_ALBUM,-0.873594181606696,0.0,0.0,483895,6,981
rixo,IMAGE,-0.9772222077920172,0.0,0.0,483895,6,981
rixo,IMAGE,-0.5290332709497279,0.0,0.0,483895,6,981
rixo,reel,-0.5202918637119842,0.0,0.0,483895,6,981
rixo,IMAGE,-0.7791746021280993,1.0,0.0,483895,6,981
rixo,IMAGE,-0.7898806595551434,1.0,0.0,483895,6,981
rixo,CAROUSEL_ALBUM,-0.1957212320469864,1.0,0.0,483895,6,981
rixo,CAROUSEL_ALBUM,-0.042813520509365155,1.0,0.0,483895,6,981
rixo,reel,0.18485118637948364,1.0,0.0,483895,6,981
rixo,CAROUSEL_ALBUM,-0.6102878943060301,0.0,0.0,483895,9,981
rixo,IMAGE,-0.24610405127151658,0.0,0.0,483895,9,981
rixo,IMAGE,-0.5918082709524877,0.0,0.0,483895,9,981
rixo,IMAGE,-0.9089796339287687,0.0,0.0,483895,9,981
rixo,IMAGE,1.0817336476422237,0.0,0.0,483895,9,981
rixo,IMAGE,-0.6576508234346008,1.0,0.0,483895,9,981
rixo,CAROUSEL_ALBUM,0.024476134864537605,1.0,0.0,483895,9,981
rixo,CAROUSEL_ALBUM,0.6060874850208724,1.0,0.0,483895,9,981
rixo,IMAGE,-0.7321703918546492,1.0,0.0,483895,9,981
rixo,IMAGE,-0.8970511750354156,1.0,0.0,483895,9,981
rixo,reel,-0.18864195016812937,0.0,0.0,483895,11,981
rixo,IMAGE,-0.9029982654671436,0.0,0.0,483895,11,981
rixo,IMAGE,0.4866369177561664,0.0,0.0,483895,11,981
rixo,IMAGE,-0.6337548000202963,0.0,0.0,483895,11,981
rixo,reel,-0.2792995997294296,0.0,0.0,483895,11,981
rixo,IMAGE,0.26767938168612976,1.0,0.0,483895,11,981
rixo,IMAGE,0.45326026685934434,1.0,0.0,483895,11,981
rixo,IMAGE,0.2732774551326877,1.0,0.0,483895,11,981
rixo,reel,-0.062481859891797796,1.0,0.0,483895,11,981
rixo,IMAGE,0.5371078869757057,1.0,0.0,483895,11,981
rixo,CAROUSEL_ALBUM,-0.4193073627284871,0.0,0.0,483895,4,981
rixo,CAROUSEL_ALBUM,1.5775747365071877,0.0,0.0,483895,4,981
rixo,IMAGE,-0.2644648638643195,0.0,0.0,483895,4,981
rixo,CAROUSEL_ALBUM,-0.06908390207694348,0.0,0.0,483895,4,981
rixo,reel,-0.49438458869655827,0.0,0.0,483895,4,981
rixo,IMAGE,-0.7845152393722524,1.0,0.0,483895,4,981
rixo,IMAGE,-0.8393449840410446,1.0,0.0,483895,4,981
rixo,CAROUSEL_ALBUM,-0.14330610926807935,1.0,0.0,483895,4,981
rixo,CAROUSEL_ALBUM,-0.45637124305563154,1.0,0.0,483895,4,981
rixo,IMAGE,-0.5690587955378044,1.0,0.0,483895,4,981
rixo,reel,-0.7685663230597337,0.0,0.0,483895,3,981
rixo,IMAGE,-0.25709651104937614,0.0,0.0,483895,3,981
rixo,CAROUSEL_ALBUM,0.6944711094341298,0.0,0.0,483895,3,981
rixo,IMAGE,1.2218298842212356,0.0,0.0,483895,3,981
rixo,CAROUSEL_ALBUM,-0.2942679899635835,0.0,0.0,483895,3,981
rixo,IMAGE,-0.3516546787163269,1.0,0.0,483895,3,981
rixo,IMAGE,1.0980715542175485,1.0,0.0,483895,3,981
rixo,reel,-0.042813520509365155,1.0,0.0,483895,3,981
rixo,CAROUSEL_ALBUM,-0.33229827240589815,1.0,0.0,483895,3,981
rixo,IMAGE,0.024476134864537605,1.0,0.0,483895,3,981
rixo,IMAGE,-0.11936184459905622,0.0,0.0,483895,1,981
rixo,IMAGE,-0.6528361490083563,0.0,0.0,483895,1,981
rixo,CAROUSEL_ALBUM,-0.7476326916173396,0.0,0.0,483895,1,981
rixo,CAROUSEL_ALBUM,0.08953684514172813,0.0,0.0,483895,1,981
rixo,IMAGE,-0.6290278325117951,0.0,0.0,483895,1,981
rixo,CAROUSEL_ALBUM,0.5767562434801229,1.0,0.0,483895,1,981
rixo,CAROUSEL_ALBUM,-0.02981375534813584,1.0,0.0,483895,1,981
rixo,CAROUSEL_ALBUM,-0.23881518753248607,1.0,0.0,483895,1,981
rixo,CAROUSEL_ALBUM,-0.7580531912739861,1.0,0.0,483895,1,981
rixo,IMAGE,-0.0923767420717676,1.0,0.0,483895,1,981
printful,reel,-0.05089337821868221,0.0,0.0,243562,6,202
printful,reel,0.12063615994872584,0.0,0.0,243562,6,202
printful,CAROUSEL_ALBUM,-0.2442292896934216,0.0,0.0,243562,6,202
printful,reel,-0.36930798958117017,0.0,0.0,243562,6,202
printful,reel,0.06120485832105288,0.0,0.0,243562,6,202
printful,reel,-0.5270954260476244,1.0,0.0,243562,6,202
printful,CAROUSEL_ALBUM,-0.3223151405874839,1.0,0.0,243562,6,202
printful,CAROUSEL_ALBUM,-0.23189998187983224,1.0,0.0,243562,6,202
printful,reel,0.12642050760069534,1.0,0.0,243562,6,202
printful,CAROUSEL_ALBUM,-0.4852708298295964,1.0,0.0,243562,6,202
printful,CAROUSEL_ALBUM,-0.3268853694218504,0.0,0.0,243562,6,202
printful,reel,0.1321776343399369,0.0,0.0,243562,7,202
printful,reel,-0.2998569529048763,0.0,0.0,243562,7,202
printful,CAROUSEL_ALBUM,-0.291048893092146,0.0,0.0,243562,7,202
printful,reel,0.4972482614501355,0.0,0.0,243562,7,202
printful,reel,-0.3223151405874839,1.0,0.0,243562,7,202
printful,reel,1.1212893357590215,1.0,0.0,243562,7,202
printful,reel,0.645360646251298,1.0,0.0,243562,7,202
printful,reel,0.35348704813696374,1.0,0.0,243562,7,202
printful,reel,0.04586422039636978,1.0,0.0,243562,7,202
printful,reel,0.14928945262283866,0.0,0.0,243562,7,202
printful,reel,0.14928945262283866,0.0,0.0,243562,7,202
printful,reel,0.3014470567526046,0.0,0.0,243562,7,202
printful,reel,-0.4969231605616252,0.0,0.0,243562,7,202
printful,reel,0.15775785097208866,0.0,0.0,243562,7,202
printful,reel,0.20470519706117052,1.0,0.0,243562,7,202
printful,reel,-0.1099240179365423,1.0,0.0,243562,8,202
printful,CAROUSEL_ALBUM,-0.33148288393173986,1.0,0.0,243562,8,202
printful,reel,-0.10635424805897338,1.0,0.0,243562,8,202
printful,reel,-0.5088062977562192,1.0,0.0,243562,8,202
printful,CAROUSEL_ALBUM,-0.19984984681957532,0.0,0.0,243562,11,202
printful,CAROUSEL_ALBUM,0.17452545451844267,0.0,0.0,243562,11,202
printful,reel,0.03031483751928271,0.0,0.0,243562,11,202
printful,reel,-0.3132546333799223,0.0,0.0,243562,11,202
printful,CAROUSEL_ALBUM,-0.5524356414741896,0.0,0.0,243562,11,202
printful,reel,0.1321776343399369,1.0,0.0,243562,11,202
printful,reel,0.25263528082932685,1.0,0.0,243562,12,202
printful,reel,0.4727033181237912,1.0,0.0,243562,12,202
printful,reel,-0.46260796199054394,1.0,0.0,243562,12,202
printful,reel,-0.3741752962326257,1.0,0.0,243562,12,202
printful,reel,-0.21173265386007453,0.0,0.0,243562,5,202
printful,reel,0.08831777073712326,0.0,0.0,243562,5,202
printful,CAROUSEL_ALBUM,0.004979534733740091,0.0,0.0,243562,6,202
printful,reel,0.12930244957978348,0.0,0.0,243562,6,202
printful,reel,0.37522688266560905,0.0,0.0,243562,6,202
printful,reel,-0.02423767219257626,1.0,0.0,243562,6,202
printful,reel,-0.35966976595555333,1.0,0.0,243562,6,202
printful,reel,-0.2866807674710981,1.0,0.0,243562,6,202
printful,CAROUSEL_ALBUM,-0.30876343595912775,1.0,0.0,243562,6,202
printful,CAROUSEL_ALBUM,-0.011155182675122452,1.0,0.0,243562,6,202
printful,reel,0.2989205700928278,0.0,0.0,243562,8,202
printful,reel,-0.2483788660343244,0.0,0.0,243562,8,202
printful,CAROUSEL_ALBUM,-0.45157488781387806,0.0,0.0,243562,8,202
printful,CAROUSEL_ALBUM,-0.16132979868507882,0.0,0.0,243562,8,202
printful,reel,-0.26095116552178643,0.0,0.0,243562,8,202
printful,reel,0.4013694895249353,1.0,0.0,243562,8,202
printful,reel,-0.15007930585799356,1.0,0.0,243562,8,202
printful,reel,-0.2954408237412892,1.0,0.0,243562,8,202
printful,reel,-0.7715453261796233,1.0,0.0,243562,8,202
printful,reel,-0.20775407420293587,1.0,0.0,243562,8,202
printful,reel,0.4523318860849203,0.0,0.0,243562,12,202
printful,CAROUSEL_ALBUM,-0.5209345254719304,0.0,0.0,243562,12,202
printful,IMAGE,1.1069212367273682,0.0,0.0,243562,12,202
printful,CAROUSEL_ALBUM,-0.5088062977562192,0.0,0.0,243562,12,202
printful,reel,-0.22377715404542667,0.0,0.0,243562,12,202
printful,CAROUSEL_ALBUM,-0.3939814452811568,1.0,0.0,243562,12,202
printful,reel,-0.4092102705834727,1.0,0.0,243562,12,202
printful,reel,0.07934957174744976,1.0,0.0,243562,12,202
printful,reel,0.43630032630806337,1.0,0.0,243562,12,202
printful,IMAGE,0.6147015456296727,1.0,0.0,243562,12,202
skims,IMAGE,-0.4888653053183413,0.0,0.0,5909967,11,1405
skims,CAROUSEL_ALBUM,-0.4626129659159637,0.0,0.0,5909967,11,1405
skims,IMAGE,-0.6525180415300711,0.0,0.0,5909967,11,1405
skims,CAROUSEL_ALBUM,1.5786121608901045,0.0,0.0,5909967,11,1405
skims,CAROUSEL_ALBUM,-0.3621033440534107,0.0,0.0,5909967,11,1405
skims,CAROUSEL_ALBUM,-0.9221457625131108,1.0,0.0,5909967,11,1405
skims,IMAGE,-0.8112510687470791,1.0,0.0,5909967,11,1405
skims,IMAGE,-0.4824075791960495,1.0,0.0,5909967,11,1405
skims,CAROUSEL_ALBUM,-1.0102108291040401,1.0,0.0,5909967,11,1405
skims,reel,0.9902741087419663,1.0,0.0,5909967,11,1405
skims,reel,0.334900989227422,0.0,0.0,5909967,3,1405
skims,reel,-0.6645292366540178,0.0,0.0,5909967,3,1405
skims,reel,0.047476422460579974,0.0,0.0,5909967,3,1405
skims,reel,0.014903952299323,0.0,0.0,5909967,3,1405
skims,IMAGE,-0.6237134917471411,0.0,0.0,5909967,3,1405
skims,IMAGE,-0.6502696910290974,1.0,0.0,5909967,3,1405
skims,reel,-0.49392582683832437,1.0,0.0,5909967,3,1405
skims,reel,-0.7974431513099323,1.0,0.0,5909967,3,1405
skims,reel,0.6276004168228204,1.0,0.0,5909967,3,1405
skims,CAROUSEL_ALBUM,-0.742311707763107,1.0,0.0,5909967,3,1405
skims,IMAGE,0.9276732131220274,0.0,0.0,5909967,11,1405
skims,reel,0.778202064774796,0.0,0.0,5909967,11,1405
skims,CAROUSEL_ALBUM,0.6970267504446772,0.0,0.0,5909967,11,1405
skims,reel,1.9220153298475697,0.0,0.0,5909967,11,1405
skims,CAROUSEL_ALBUM,-0.4899136220481688,0.0,0.0,5909967,11,1405
skims,reel,0.03226540750434058,1.0,0.0,5909967,11,1405
skims,CAROUSEL_ALBUM,0.27559708747556966,1.0,0.0,5909967,11,1405
skims,reel,-0.6876455579575949,1.0,0.0,5909967,11,1405
skims,CAROUSEL_ALBUM,-0.3483087904555261,1.0,0.0,5909967,11,1405
skims,reel,0.27963987706525206,1.0,0.0,5909967,11,1405
skims,CAROUSEL_ALBUM,0.2110894598139723,0.0,0.0,5909967,4,1405
skims,reel,0.43895236386482156,0.0,0.0,5909967,4,1405
skims,CAROUSEL_ALBUM,-0.3740802263950456,0.0,0.0,5909967,4,1405
skims,reel,-0.2888545291541335,0.0,0.0,5909967,4,1405
skims,CAROUSEL_ALBUM,-0.412540099921649,0.0,0.0,5909967,4,1405
skims,CAROUSEL_ALBUM,-0.3448637774852479,1.0,0.0,5909967,4,1405
skims,reel,0.45512263563263927,1.0,0.0,5909967,4,1405
skims,CAROUSEL_ALBUM,-0.7272002368705563,1.0,0.0,5909967,4,1405
skims,reel,0.6919292407097453,1.0,0.0,5909967,4,1405
skims,CAROUSEL_ALBUM,-0.5204830855129534,1.0,0.0,5909967,4,1405
skims,reel,-0.10433113935434149,0.0,0.0,5909967,12,1405
skims,CAROUSEL_ALBUM,-0.36867564605924985,0.0,0.0,5909967,12,1405
skims,CAROUSEL_ALBUM,-0.41663602877368655,0.0,0.0,5909967,12,1405
skims,reel,1.03786619443789,0.0,0.0,5909967,12,1405
skims,reel,-0.39779211151949423,0.0,0.0,5909967,12,1405
skims,reel,-0.6882313792089819,1.0,0.0,5909967,12,1405
skims,reel,-0.277518539906191,1.0,0.0,5909967,12,1405
skims,reel,-0.7679712795631409,1.0,0.0,5909967,12,1405
skims,reel,-0.4861064967027033,1.0,0.0,5909967,12,1405
skims,reel,-0.026904865455675987,1.0,0.0,5909967,12,1405
skims,CAROUSEL_ALBUM,-0.5982134796737666,0.0,0.0,5909967,8,1405
skims,reel,0.17895924861074564,0.0,0.0,5909967,8,1405
skims,CAROUSEL_ALBUM,-0.6339129980847601,0.0,0.0,5909967,8,1405
skims,CAROUSEL_ALBUM,-0.475235890604199,0.0,0.0,5909967,8,1405
skims,CAROUSEL_ALBUM,-0.4450908905283869,0.0,0.0,5909967,8,1405
skims,CAROUSEL_ALBUM,-0.8426575518568455,1.0,0.0,5909967,8,1405
skims,CAROUSEL_ALBUM,-0.7179246856755328,1.0,0.0,5909967,8,1405
skims,CAROUSEL_ALBUM,0.42382969323391595,1.0,0.0,5909967,8,1405
skims,reel,0.05512255173953819,1.0,0.0,5909967,8,1405
skims,CAROUSEL_ALBUM,0.13105962985906255,1.0,0.0,5909967,8,1405
skims,CAROUSEL_ALBUM,1.4453650313787059,0.0,0.0,5909967,10,1405
skims,reel,-0.29875650966805434,0.0,0.0,5909967,10,1405
skims,reel,-0.15359307879814257,0.0,0.0,5909967,10,1405
skims,reel,-0.7124808041474531,0.0,0.0,5909967,10,1405
skims,CAROUSEL_ALBUM,0.07280293677101708,0.0,0.0,5909967,10,1405
skims,CAROUSEL_ALBUM,-0.16837653567171326,1.0,0.0,5909967,10,1405
skims,reel,-0.27918863474569483,1.0,0.0,5909967,10,1405
skims,CAROUSEL_ALBUM,0.3583832936651158,1.0,0.0,5909967,10,1405
skims,CAROUSEL_ALBUM,1.0842922877773329,1.0,0.0,5909967,10,1405
skims,CAROUSEL_ALBUM,1.359670348907443,1.0,0.0,5909967,10,1405
skims,IMAGE,-0.8127555346436443,0.0,0.0,5909967,5,1405
skims,reel,-0.6516180286735394,0.0,0.0,5909967,5,1405
skims,reel,0.16190022446679658,0.0,0.0,5909967,5,1405
skims,CAROUSEL_ALBUM,-0.6383348447642908,0.0,0.0,5909967,5,1405
skims,reel,0.5483771997769017,0.0,0.0,5909967,5,1405
skims,reel,-0.17196865823498683,1.0,0.0,5909967,5,1405
skims,CAROUSEL_ALBUM,-0.7073115974490095,1.0,0.0,5909967,5,1405
skims,reel,-0.15613079182494696,1.0,0.0,5909967,5,1405
skims,CAROUSEL_ALBUM,-0.6641870663264934,1.0,0.0,5909967,5,1405
skims,reel,0.5355042252456045,1.0,0.0,5909967,5,1405
skims,CAROUSEL_ALBUM,-0.7834877339388807,0.0,0.0,5909967,6,1405
skims,reel,0.11454432354788126,0.0,0.0,5909967,6,1405
skims,CAROUSEL_ALBUM,-0.8446577214265928,0.0,0.0,5909967,6,1405
skims,reel,-0.5898634277079121,0.0,0.0,5909967,6,1405
skims,CAROUSEL_ALBUM,-0.03696873551830108,0.0,0.0,5909967,6,1405
skims,IMAGE,-0.6437808998389551,1.0,0.0,5909967,6,1405
skims,CAROUSEL_ALBUM,0.2829008334423905,1.0,0.0,5909967,6,1405
skims,CAROUSEL_ALBUM,-0.047840532837555495,1.0,0.0,5909967,6,1405
skims,reel,-0.2739471058942305,1.0,0.0,5909967,6,1405
skims,CAROUSEL_ALBUM,-0.32101829681753413,1.0,0.0,5909967,6,1405
skims,CAROUSEL_ALBUM,-0.2164329762081851,0.0,0.0,5909967,8,1405
skims,IMAGE,-0.8585282439760978,0.0,0.0,5909967,8,1405
skims,CAROUSEL_ALBUM,-0.6633891804594465,0.0,0.0,5909967,8,1405
skims,reel,-0.09540149861519343,0.0,0.0,5909967,8,1405
skims,CAROUSEL_ALBUM,-0.6992008822752489,0.0,0.0,5909967,8,1405
skims,CAROUSEL_ALBUM,-0.6756646204819673,1.0,0.0,5909967,8,1405
skims,reel,-0.5825246525439274,1.0,0.0,5909967,9,1405
skims,reel,0.5590127539046092,1.0,0.0,5909967,9,1405
skims,reel,-0.5251074395669082,1.0,0.0,5909967,9,1405
skims,reel,1.8560314040402563,1.0,0.0,5909967,9,1405
skims,CAROUSEL_ALBUM,1.7752463879466491,0.0,0.0,5909967,4,1405
skims,reel,-0.2625063627619193,0.0,0.0,5909967,4,1405
skims,IMAGE,0.21396056091233093,0.0,0.0,5909967,4,1405
skims,reel,-0.23653130518925,0.0,0.0,5909967,4,1405
skims,IMAGE,0.36484339531891025,0.0,0.0,5909967,4,1405
skims,IMAGE,0.22670929072388746,1.0,0.0,5909967,4,1405
skims,reel,-0.5509731854927653,1.0,0.0,5909967,4,1405
skims,CAROUSEL_ALBUM,0.46232927079640534,1.0,0.0,5909967,4,1405
skims,reel,-0.5363116042880224,1.0,0.0,5909967,4,1405
skims,CAROUSEL_ALBUM,-0.4820289250894497,1.0,0.0,5909967,4,1405
skims,CAROUSEL_ALBUM,-0.12590492754398397,0.0,0.0,5909967,3,1405
skims,CAROUSEL_ALBUM,0.47691553227324684,0.0,0.0,5909967,3,1405
skims,CAROUSEL_ALBUM,0.22380172777090884,0.0,0.0,5909967,3,1405
skims,CAROUSEL_ALBUM,1.0085463728051376,0.0,0.0,5909967,3,1405
skims,reel,-0.5465321518667272,0.0,0.0,5909967,3,1405
skims,IMAGE,1.2055634644478077,1.0,0.0,5909967,3,1405
skims,reel,-0.3084928764985888,1.0,0.0,5909967,3,1405
skims,CAROUSEL_ALBUM,-0.6268819360810504,1.0,0.0,5909967,3,1405
skims,IMAGE,-0.24440913887570873,1.0,0.0,5909967,3,1405
skims,reel,0.4847417445242221,1.0,0.0,5909967,3,1405
skims,reel,-0.6417765276994021,0.0,0.0,5909967,3,1405
skims,reel,-0.7087509845226968,0.0,0.0,5909967,3,1405
skims,CAROUSEL_ALBUM,-0.3103677225206239,0.0,0.0,5909967,3,1405
skims,reel,-0.9064385728478073,0.0,0.0,5909967,3,1405
skims,CAROUSEL_ALBUM,-0.7748437762703452,0.0,0.0,5909967,3,1405
skims,reel,0.32461614578913933,1.0,0.0,5909967,3,1405
skims,reel,-0.9877157572341646,1.0,0.0,5909967,3,1405
skims,CAROUSEL_ALBUM,-0.5500631931215297,1.0,0.0,5909967,3,1405
skims,reel,-1.0066755366846594,1.0,0.0,5909967,3,1405
skims,IMAGE,-0.21855832874309727,1.0,0.0,5909967,3,1405
skims,reel,1.0028404034518055,0.0,0.0,5909967,8,1405
skims,reel,-0.15453512051979232,0.0,0.0,5909967,8,1405
skims,reel,-0.2745020072593519,0.0,0.0,5909967,8,1405
skims,reel,-0.5857678152122521,0.0,0.0,5909967,8,1405
skims,reel,0.20094580555289202,0.0,0.0,5909967,8,1405
skims,reel,0.10955165124922651,1.0,0.0,5909967,8,1405
skims,CAROUSEL_ALBUM,-0.6775149857878111,1.0,0.0,5909967,8,1405
skims,reel,-0.6385564981141543,1.0,0.0,5909967,8,1405
skims,reel,-0.3683333302358127,1.0,0.0,5909967,8,1405
skims,IMAGE,-0.7564367502771081,1.0,0.0,5909967,8,1405
primark,IMAGE,0.4128206057022216,0.0,0.0,10742732,12,1065
primark,IMAGE,0.709709294240561,0.0,0.0,10742732,1,1065
primark,reel,0.4588591148369673,0.0,0.0,10742732,1,1065
primark,CAROUSEL_ALBUM,-0.001850806211769484,0.0,0.0,10742732,1,1065
primark,reel,-0.3051438669093326,0.0,0.0,10742732,1,1065
primark,IMAGE,0.9925900984001242,1.0,0.0,10742732,1,1065
primark,IMAGE,-0.8380782623153277,1.0,0.0,10742732,1,1065
primark,reel,-0.8580222549314334,1.0,0.0,10742732,1,1065
primark,CAROUSEL_ALBUM,-0.17598043222668433,1.0,0.0,10742732,1,1065
primark,reel,-0.09540286952214691,1.0,0.0,10742732,1,1065
primark,CAROUSEL_ALBUM,-0.29314130372025565,0.0,0.0,10742732,2,1065
primark,CAROUSEL_ALBUM,0.4991904984989729,0.0,0.0,10742732,2,1065
primark,CAROUSEL_ALBUM,-0.4993612802934808,0.0,0.0,10742732,2,1065
primark,CAROUSEL_ALBUM,-0.5903101981568214,0.0,0.0,10742732,2,1065
primark,reel,1.104901234428076,0.0,0.0,10742732,2,1065
primark,reel,-0.23042761391854719,1.0,0.0,10742732,2,1065
primark,reel,-0.27002816122130585,1.0,0.0,10742732,2,1065
primark,reel,0.36143807850133763,1.0,0.0,10742732,2,1065
primark,CAROUSEL_ALBUM,1.0153452639620948,1.0,0.0,10742732,2,1065
primark,reel,-0.16316548334233316,1.0,0.0,10742732,2,1065
adidasoriginals,IMAGE,-0.7661350854423206,0.0,2.0,34508597,9,140
adidasoriginals,IMAGE,-0.6204688768741873,0.0,2.0,34508597,9,140
adidasoriginals,IMAGE,-0.24125387514988483,0.0,2.0,34508597,9,140
adidasoriginals,IMAGE,-0.7782377877298134,0.0,2.0,34508597,9,140
adidasoriginals,reel,1.5005533740142825,0.0,2.0,34508597,9,140
adidasoriginals,IMAGE,-0.33659045598710063,1.0,2.0,34508597,9,140
adidasoriginals,IMAGE,-0.6614522236892123,1.0,2.0,34508597,9,140
adidasoriginals,IMAGE,0.1089952083322799,1.0,2.0,34508597,9,140
adidasoriginals,IMAGE,-0.5980953070151354,1.0,2.0,34508597,9,140
adidasoriginals,reel,-0.5161123981546909,1.0,2.0,34508597,10,140
allbirds,CAROUSEL_ALBUM,0.4972777790770962,0.0,1.0,500278,11,232
allbirds,CAROUSEL_ALBUM,1.0216457883607355,0.0,1.0,500278,11,232
allbirds,reel,-0.6810852610290111,0.0,1.0,500278,11,232
allbirds,IMAGE,-0.25317253839249826,0.0,1.0,500278,11,232
allbirds,reel,0.09114971667088373,0.0,1.0,500278,11,232
allbirds,IMAGE,-0.34780445578290975,1.0,1.0,500278,11,232
allbirds,reel,-0.11687953125564124,1.0,1.0,500278,11,232
allbirds,CAROUSEL_ALBUM,-0.48689923477946184,1.0,1.0,500278,11,232
allbirds,reel,-0.9662662877346302,1.0,1.0,500278,11,232
allbirds,CAROUSEL_ALBUM,-0.4893630922975807,1.0,1.0,500278,11,232
allbirds,CAROUSEL_ALBUM,-0.0735279767960628,0.0,1.0,500278,2,232
allbirds,CAROUSEL_ALBUM,-0.4029739819327391,0.0,1.0,500278,2,232
allbirds,CAROUSEL_ALBUM,-0.34780445578290975,0.0,1.0,500278,2,232
allbirds,IMAGE,0.18277685159895124,0.0,1.0,500278,2,232
allbirds,reel,-0.7771412912347978,0.0,1.0,500278,2,232
allbirds,CAROUSEL_ALBUM,0.7934208609838522,1.0,1.0,500278,2,232
allbirds,reel,0.7150317825285938,1.0,1.0,500278,2,232
allbirds,reel,0.6228445160844138,1.0,1.0,500278,3,232
allbirds,CAROUSEL_ALBUM,1.2128707731297115,1.0,1.0,500278,3,232
allbirds,CAROUSEL_ALBUM,-0.052203598732930415,1.0,1.0,500278,3,232
allbirds,CAROUSEL_ALBUM,0.025355779087278426,0.0,1.0,500278,1,232
allbirds,reel,-0.8358673477771879,0.0,1.0,500278,1,232
allbirds,CAROUSEL_ALBUM,0.08574402973663538,0.0,1.0,500278,1,232
allbirds,reel,-0.845399925839919,0.0,1.0,500278,1,232
allbirds,reel,-0.8485941540791205,0.0,1.0,500278,1,232
allbirds,IMAGE,-0.6698938396497913,1.0,1.0,500278,2,232
allbirds,reel,0.11975340005242407,1.0,1.0,500278,2,232
allbirds,CAROUSEL_ALBUM,-0.46489602465682683,1.0,1.0,500278,2,232
allbirds,IMAGE,0.056680291925030934,1.0,1.0,500278,2,232
allbirds,reel,-0.807705748019348,1.0,1.0,500278,2,232
asos,reel,0.6808214624545578,0.0,2.0,14781575,4,937
asos,reel,-0.32309465762149575,0.0,2.0,14781575,4,937
asos,reel,0.9275091771041828,0.0,2.0,14781575,4,937
asos,reel,0.23576983006221222,0.0,2.0,14781575,4,937
asos,reel,-0.37170723814463086,0.0,2.0,14781575,5,937
asos,reel,-0.3427625237760893,1.0,2.0,14781575,5,937
asos,reel,-0.22664596885055247,1.0,2.0,14781575,5,937
asos,reel,0.11317888462230684,1.0,2.0,14781575,5,937
asos,CAROUSEL_ALBUM,-0.23909962666740225,1.0,2.0,14781575,5,937
asos,reel,1.3486840565634899,1.0,2.0,14781575,5,937
asos,reel,-0.2946109687612867,0.0,3.0,14781575,8,937
asos,reel,0.25850886486238833,0.0,3.0,14781575,8,937
asos,reel,-0.11345032751491463,0.0,3.0,14781575,8,937
asos,IMAGE,-0.2895233924459118,0.0,3.0,14781575,8,937
asos,reel,-0.08384894916815697,0.0,3.0,14781575,8,937
asos,reel,0.3880094850738268,1.0,3.0,14781575,8,937
asos,reel,0.6339434575308369,1.0,3.0,14781575,8,937
asos,reel,1.6732960862598427,1.0,3.0,14781575,8,937
asos,CAROUSEL_ALBUM,0.21101240623569426,1.0,3.0,14781575,8,937
asos,reel,-0.1040642384024692,1.0,3.0,14781575,8,937
asos,reel,0.1330200926949424,0.0,1.0,14781575,11,937
asos,reel,0.2517234417779325,0.0,1.0,14781575,11,937
asos,reel,-0.4261475496641258,0.0,1.0,14781575,11,937
asos,reel,-0.34437605113282066,0.0,1.0,14781575,11,937
asos,reel,-0.5518587869740503,0.0,1.0,14781575,11,937
asos,reel,-0.3262554217048815,1.0,1.0,14781575,11,937
asos,reel,-0.3772768383274445,1.0,1.0,14781575,11,937
asos,reel,-0.16923418832670928,1.0,1.0,14781575,11,937
asos,reel,-0.04040860244155222,1.0,1.0,14781575,11,937
asos,reel,-0.47939417759202785,1.0,1.0,14781575,11,937
asos,IMAGE,-0.12767736360349524,0.0,1.0,14781575,7,937
asos,reel,0.17118451097109344,0.0,1.0,14781575,7,937
asos,reel,-0.18833053226244312,0.0,1.0,14781575,7,937
asos,reel,1.3948002605633405,0.0,1.0,14781575,7,937
asos,reel,0.08468506412851837,0.0,1.0,14781575,7,937
asos,reel,-0.10789463321616301,1.0,1.0,14781575,7,937
asos,CAROUSEL_ALBUM,-0.028794385127439818,1.0,1.0,14781575,7,937
asos,CAROUSEL_ALBUM,-0.2223704408885062,1.0,1.0,14781575,7,937
asos,reel,0.03755184101537598,1.0,1.0,14781575,7,937
asos,IMAGE,0.0806689755351325,1.0,1.0,14781575,7,937
asos,reel,-0.1929283953681025,0.0,1.0,14781575,5,937
asos,reel,-0.049294672743819934,0.0,1.0,14781575,5,937
asos,reel,-0.1584727476915801,0.0,1.0,14781575,5,937
asos,CAROUSEL_ALBUM,0.020812758948338353,0.0,1.0,14781575,5,937
asos,reel,-0.12551012440436668,0.0,1.0,14781575,5,937
asos,reel,-0.2946109687612867,1.0,1.0,14781575,5,937
asos,reel,0.010816566730961546,1.0,1.0,14781575,5,937
asos,reel,0.36890171155286056,1.0,1.0,14781575,5,937
asos,IMAGE,-0.07511464922735346,1.0,1.0,14781575,5,937
asos,reel,0.32351457763512725,1.0,1.0,14781575,5,937
asos,reel,-0.5163883027679885,0.0,1.0,14781575,6,937
asos,reel,0.8808287722315684,0.0,1.0,14781575,6,937
asos,IMAGE,-0.35085929486544837,0.0,1.0,14781575,6,937
asos,CAROUSEL_ALBUM,-0.1805597672806341,0.0,1.0,14781575,6,937
asos,reel,0.6274835782629213,0.0,1.0,14781575,6,937
asos,reel,1.0089695132823737,1.0,1.0,14781575,7,937
asos,CAROUSEL_ALBUM,-0.39477457799983734,1.0,1.0,14781575,7,937
asos,IMAGE,-0.3033229645160176,1.0,1.0,14781575,7,937
asos,reel,-0.2077785853834971,1.0,1.0,14781575,7,937
asos,reel,-0.48895382622099814,1.0,1.0,14781575,7,937
asos,reel,-0.010988811312066462,0.0,1.0,14781575,10,937
asos,reel,0.0641111784072498,0.0,1.0,14781575,10,937
asos,reel,0.6447463292191029,0.0,1.0,14781575,10,937
asos,CAROUSEL_ALBUM,-0.15224420544627965,0.0,1.0,14781575,10,937
asos,reel,-0.1669833579710841,0.0,1.0,14781575,10,937
asos,reel,-0.018870463019140898,1.0,1.0,14781575,10,937
asos,reel,0.3559355496525837,1.0,1.0,14781575,10,937
asos,reel,-1.15640610364703,1.0,1.0,14781575,10,937
asos,reel,-1.1087627148121921,1.0,1.0,14781575,10,937
asos,reel,-1.068357534806717,1.0,1.0,14781575,10,937
asos,reel,0.19561728822028585,0.0,1.0,14781575,10,937
asos,reel,-0.18970778667173469,0.0,1.0,14781575,10,937
asos,reel,-0.15579900890990583,0.0,1.0,14781575,10,937
asos,reel,0.3262932985805181,0.0,1.0,14781575,10,937
asos,reel,-0.05620669532603925,0.0,1.0,14781575,10,937
asos,reel,0.10278913615270864,1.0,1.0,14781575,10,937
asos,reel,-0.3800750961370654,1.0,1.0,14781575,10,937
asos,reel,-0.2252188000677817,1.0,1.0,14781575,10,937
asos,CAROUSEL_ALBUM,0.28693244990701483,1.0,1.0,14781575,10,937
asos,reel,-0.3236206982095469,1.0,1.0,14781575,10,937
asos,IMAGE,-0.3352705908083545,0.0,2.0,14781575,7,937
asos,reel,-1.244454672487343,0.0,2.0,14781575,7,937
asos,reel,-0.25611193849864944,0.0,2.0,14781575,7,937
asos,reel,1.4970955614761186,0.0,2.0,14781575,7,937
asos,reel,-0.15490922072411475,0.0,2.0,14781575,7,937
asos,reel,-0.314197478614271,1.0,2.0,14781575,7,937
asos,reel,0.2799557069149677,1.0,2.0,14781575,7,937
asos,reel,-0.4220131676198626,1.0,2.0,14781575,7,937
asos,reel,-0.2639873049127813,1.0,2.0,14781575,7,937
asos,reel,-0.36067333056002276,1.0,2.0,14781575,7,937
asos,reel,-0.04242239557214046,0.0,1.0,14781575,9,937
asos,CAROUSEL_ALBUM,-0.03478781664493319,0.0,1.0,14781575,9,937
asos,reel,-0.18695507154470217,0.0,1.0,14781575,9,937
asos,reel,-0.23429158850082685,0.0,1.0,14781575,9,937
asos,CAROUSEL_ALBUM,-0.11002821880189616,0.0,1.0,14781575,9,937
asos,reel,0.5392081042468893,1.0,1.0,14781575,9,937
asos,reel,0.013515663281402981,1.0,1.0,14781575,9,937
asos,reel,0.3796774954903754,1.0,1.0,14781575,9,937
asos,reel,-0.08301428115425435,1.0,1.0,14781575,9,937
asos,IMAGE,-0.2110555105429051,1.0,1.0,14781575,9,937
asos,reel,-0.6156621198786193,0.0,1.0,14781575,10,937
asos,reel,0.04094889058052776,0.0,1.0,14781575,10,937
asos,reel,-0.3823202416854688,0.0,1.0,14781575,10,937
asos,reel,-0.548369616853544,0.0,1.0,14781575,10,937
asos,reel,-0.3064171045334238,0.0,1.0,14781575,10,937
asos,reel,0.364390500232201,1.0,1.0,14781575,10,937
asos,reel,-1.2004303880671865,1.0,1.0,14781575,10,937
asos,IMAGE,-0.6448510298448736,1.0,1.0,14781575,10,937
asos,CAROUSEL_ALBUM,0.17186889060181748,1.0,1.0,14781575,10,937
asos,reel,-0.005892633182706085,1.0,1.0,14781575,10,937
asos,reel,0.2406717901711,0.0,1.0,14781575,12,937
asos,reel,-0.2946109687612867,0.0,1.0,14781575,12,937
asos,reel,0.658036326948664,0.0,1.0,14781575,12,937
asos,reel,-0.3778357670572232,0.0,1.0,14781575,12,937
asos,reel,-0.24054652841859672,0.0,1.0,14781575,12,937
asos,reel,0.035660695991853855,1.0,1.0,14781575,12,937
asos,reel,1.873819919823635,1.0,1.0,14781575,12,937
asos,reel,0.607707195468884,1.0,1.0,14781575,12,937
asos,reel,-0.0792656741252151,1.0,1.0,14781575,12,937
asos,reel,0.6923636878673602,1.0,1.0,14781575,12,937
asos,CAROUSEL_ALBUM,-0.008634117737994766,0.0,1.0,14781575,2,937
asos,reel,-1.0797308834892274,0.0,1.0,14781575,3,937
asos,CAROUSEL_ALBUM,-1.1322143298221745,0.0,1.0,14781575,3,937
asos,CAROUSEL_ALBUM,-1.1123818192268735,0.0,1.0,14781575,3,937
asos,reel,-1.162092777988285,0.0,1.0,14781575,3,937
asos,CAROUSEL_ALBUM,-1.1161029301578829,1.0,1.0,14781575,3,937
asos,reel,-1.1199351922858312,1.0,1.0,14781575,3,937
asos,reel,-1.0310390356665826,1.0,1.0,14781575,3,937
asos,CAROUSEL_ALBUM,-1.1279773642640334,1.0,1.0,14781575,3,937
asos,CAROUSEL_ALBUM,-1.1161029301578829,1.0,1.0,14781575,3,937
asos,reel,-1.1366176393668002,0.0,3.0,14781575,2,937
asos,CAROUSEL_ALBUM,0.9335241662034699,0.0,3.0,14781575,2,937
asos,reel,-1.1279773642640334,0.0,3.0,14781575,2,937
asos,reel,0.45462036501507175,0.0,3.0,14781575,2,937
asos,reel,0.2549584252612161,0.0,3.0,14781575,2,937
asos,CAROUSEL_ALBUM,-0.19523488263133623,1.0,3.0,14781575,2,937
asos,reel,-1.0888053222354532,1.0,3.0,14781575,2,937
asos,CAROUSEL_ALBUM,1.9513263246674482,1.0,3.0,14781575,2,937
asos,reel,-0.9034440317114132,1.0,3.0,14781575,2,937
asos,CAROUSEL_ALBUM,-1.0135893773162454,1.0,3.0,14781575,2,937
asos,reel,0.16775763791408319,0.0,1.0,14781575,6,937
asos,reel,-0.3470717104400962,0.0,1.0,14781575,6,937
asos,reel,0.11103581531922231,0.0,1.0,14781575,6,937
asos,IMAGE,1.0985721743471344,0.0,1.0,14781575,6,937
asos,reel,-0.0031572033559770243,0.0,1.0,14781575,6,937
asos,reel,-0.2859781567254594,1.0,1.0,14781575,6,937
asos,reel,0.5567788975182917,1.0,1.0,14781575,6,937
asos,reel,-0.507130047883453,1.0,1.0,14781575,6,937
asos,CAROUSEL_ALBUM,0.2588312162950174,1.0,1.0,14781575,6,937
asos,reel,-0.2256943008505627,1.0,1.0,14781575,6,937
everlane,reel,-0.02781940005279219,0.0,1.0,1076381,10,413
everlane,reel,-0.016354983350342925,0.0,1.0,1076381,10,413
everlane,CAROUSEL_ALBUM,-0.05741794997547694,0.0,1.0,1076381,10,413
everlane,CAROUSEL_ALBUM,0.061640489091233444,0.0,1.0,1076381,10,413
everlane,CAROUSEL_ALBUM,0.13082601544654096,0.0,1.0,1076381,10,413
everlane,reel,0.1462778203618237,1.0,1.0,1076381,10,413
everlane,CAROUSEL_ALBUM,0.1236257140093943,1.0,1.0,1076381,10,413
everlane,reel,0.08032350803441957,1.0,1.0,1076381,10,413
everlane,CAROUSEL_ALBUM,0.6062184896569285,1.0,1.0,1076381,10,413
everlane,CAROUSEL_ALBUM,-0.29633929731708686,1.0,1.0,1076381,10,413
everlane,CAROUSEL_ALBUM,0.0358019663637943,0.0,1.0,1076381,11,413
everlane,CAROUSEL_ALBUM,0.05561620850924995,0.0,1.0,1076381,11,413
everlane,reel,-0.12632766036229937,0.0,1.0,1076381,11,413
everlane,CAROUSEL_ALBUM,-0.29006890817898306,0.0,1.0,1076381,11,413
everlane,CAROUSEL_ALBUM,-0.1730434439563534,0.0,1.0,1076381,11,413
everlane,CAROUSEL_ALBUM,-0.29633929731708686,1.0,1.0,1076381,11,413
everlane,CAROUSEL_ALBUM,-0.18892102587678197,1.0,1.0,1076381,11,413
everlane,reel,-0.14016498955974097,1.0,1.0,1076381,11,413
everlane,reel,-0.15897692831642174,1.0,1.0,1076381,11,413
everlane,CAROUSEL_ALBUM,-0.22690910417882187,1.0,1.0,1076381,11,413
ganni,CAROUSEL_ALBUM,0.43158362536910616,0.0,2.0,1457251,1,373
ganni,CAROUSEL_ALBUM,1.2255674221796766,0.0,2.0,1457251,1,373
ganni,CAROUSEL_ALBUM,-0.3255502286229253,0.0,2.0,1457251,1,373
ganni,reel,-0.27108805487625,0.0,2.0,1457251,1,373
ganni,reel,0.49031890539099476,0.0,2.0,1457251,1,373
ganni,reel,-0.09154603207864179,1.0,2.0,1457251,1,373
ganni,IMAGE,-0.8172039055788909,1.0,2.0,1457251,1,373
ganni,reel,0.8975477178990016,1.0,2.0,1457251,1,373
ganni,CAROUSEL_ALBUM,1.1661832630585938,1.0,2.0,1457251,1,373
ganni,IMAGE,1.01464746398651,1.0,2.0,1457251,1,373
ganni,reel,-0.42528115348801926,0.0,1.0,1457251,12,373
ganni,reel,0.1639340649466489,0.0,1.0,1457251,12,373
ganni,reel,-0.08549493625940789,0.0,1.0,1457251,12,373
ganni,CAROUSEL_ALBUM,-0.46807784818150266,0.0,1.0,1457251,12,373
ganni,reel,-0.17517288315529178,0.0,1.0,1457251,12,373
ganni,IMAGE,-0.22805339911251168,1.0,1.0,1457251,12,373
ganni,reel,0.7838648649505615,1.0,1.0,1457251,12,373
ganni,reel,0.9563349641104929,1.0,1.0,1457251,12,373
ganni,reel,-0.7965977891477382,1.0,1.0,1457251,12,373
ganni,IMAGE,0.16696465713142075,1.0,1.0,1457251,12,373
ganni,IMAGE,-0.15112504516737543,0.0,2.0,1457251,11,373
ganni,IMAGE,-0.37716637700251304,0.0,2.0,1457251,11,373
ganni,CAROUSEL_ALBUM,-0.07231053215156205,0.0,2.0,1457251,11,373
ganni,CAROUSEL_ALBUM,1.2445050079162512,0.0,2.0,1457251,11,373
ganni,CAROUSEL_ALBUM,0.8874731455194411,0.0,2.0,1457251,11,373
ganni,CAROUSEL_ALBUM,0.3013737574202135,1.0,2.0,1457251,12,373
ganni,reel,0.9172185993918932,1.0,2.0,1457251,12,373
ganni,CAROUSEL_ALBUM,-0.9171714604339702,1.0,2.0,1457251,12,373
ganni,reel,-0.7307011867346792,1.0,2.0,1457251,12,373
ganni,reel,-0.7133695491587491,1.0,2.0,1457251,12,373
ganni,CAROUSEL_ALBUM,-0.13448751809819012,0.0,1.0,1457251,8,373
ganni,CAROUSEL_ALBUM,1.0085645445024858,0.0,1.0,1457251,8,373
ganni,reel,-0.7072098646953754,0.0,1.0,1457251,8,373
ganni,CAROUSEL_ALBUM,0.050348316314929996,0.0,1.0,1457251,8,373
ganni,CAROUSEL_ALBUM,-0.10051599240671899,0.0,1.0,1457251,8,373
ganni,CAROUSEL_ALBUM,0.36235285202324785,1.0,1.0,1457251,9,373
ganni,CAROUSEL_ALBUM,-0.45282763385888697,1.0,1.0,1457251,9,373
ganni,CAROUSEL_ALBUM,-0.4994529251117216,1.0,1.0,1457251,9,373
ganni,reel,-0.28687620335089065,1.0,1.0,1457251,9,373
ganni,CAROUSEL_ALBUM,-0.7257866586936131,1.0,1.0,1457251,9,373
ganni,reel,-0.7138107606724903,0.0,1.0,1457251,10,373
ganni,CAROUSEL_ALBUM,-1.3084899430438481,0.0,1.0,1457251,10,373
ganni,CAROUSEL_ALBUM,0.9880750634874236,0.0,1.0,1457251,10,373
ganni,reel,-0.6232969464377256,0.0,1.0,1457251,10,373
ganni,reel,1.5521931902266062,0.0,1.0,1457251,10,373
ganni,CAROUSEL_ALBUM,0.6484152923565459,1.0,1.0,1457251,11,373
ganni,reel,0.4953295961691571,1.0,1.0,1457251,11,373
ganni,IMAGE,1.1590407424010545,1.0,1.0,1457251,11,373
ganni,reel,-0.2383926150820478,1.0,1.0,1457251,11,373
ganni,reel,-0.08722174859972692,1.0,1.0,1457251,11,373
ganni,IMAGE,-0.9371158643850666,0.0,1.0,1457251,9,373
ganni,IMAGE,-0.760177759480742,0.0,1.0,1457251,9,373
ganni,CAROUSEL_ALBUM,-0.3840442982632686,0.0,1.0,1457251,9,373
ganni,CAROUSEL_ALBUM,-0.23462542978912312,0.0,1.0,1457251,9,373
ganni,CAROUSEL_ALBUM,1.6576561067594537,0.0,1.0,1457251,9,373
ganni,CAROUSEL_ALBUM,-0.5013205884969769,1.0,1.0,1457251,9,373
ganni,IMAGE,-0.8215670932155891,1.0,1.0,1457251,9,373
ganni,reel,-0.07202497639883036,1.0,1.0,1457251,9,373
ganni,reel,-0.4189160833976161,1.0,1.0,1457251,9,373
ganni,CAROUSEL_ALBUM,-0.19496290252436074,1.0,1.0,1457251,9,373
goat,CAROUSEL_ALBUM,-0.27889388122411196,0.0,1.0,3981899,9,254
goat,CAROUSEL_ALBUM,-0.1753347570858332,0.0,1.0,3981899,9,254
goat,CAROUSEL_ALBUM,0.17053293041428882,0.0,1.0,3981899,9,254
goat,CAROUSEL_ALBUM,-0.2433102962064647,0.0,1.0,3981899,9,254
goat,CAROUSEL_ALBUM,-0.35381470098751155,0.0,1.0,3981899,9,254
goat,CAROUSEL_ALBUM,0.4731534779495878,1.0,1.0,3981899,9,254
goat,IMAGE,-0.08010231401124641,1.0,1.0,3981899,9,254
goat,IMAGE,-0.14276512603470004,1.0,1.0,3981899,9,254
goat,CAROUSEL_ALBUM,-0.5234592684487579,1.0,1.0,3981899,9,254
goat,CAROUSEL_ALBUM,-0.35381470098751155,1.0,1.0,3981899,9,254
goat,CAROUSEL_ALBUM,0.24542713623345913,0.0,1.0,3981899,11,254
goat,CAROUSEL_ALBUM,-0.8036082406910512,0.0,1.0,3981899,11,254
goat,CAROUSEL_ALBUM,-0.35381470098751155,0.0,1.0,3981899,11,254
goat,CAROUSEL_ALBUM,-0.35381470098751155,0.0,1.0,3981899,11,254
goat,CAROUSEL_ALBUM,-0.4779973487347023,0.0,1.0,3981899,12,254
goat,CAROUSEL_ALBUM,0.42992248908089253,1.0,1.0,3981899,12,254
goat,reel,0.03683867603582856,1.0,1.0,3981899,12,254
goat,reel,-0.8786739315637827,1.0,1.0,3981899,12,254
goat,CAROUSEL_ALBUM,-0.5234592684487579,1.0,1.0,3981899,12,254
goat,CAROUSEL_ALBUM,0.769644823262634,1.0,1.0,3981899,12,254
goat,CAROUSEL_ALBUM,-0.27889388122411196,0.0,1.0,3981899,3,254
goat,CAROUSEL_ALBUM,0.06457889100077893,0.0,1.0,3981899,3,254
goat,CAROUSEL_ALBUM,0.5566984051748644,0.0,1.0,3981899,3,254
goat,reel,-0.5715252331157679,0.0,1.0,3981899,3,254
goat,CAROUSEL_ALBUM,1.3952412057580323,0.0,1.0,3981899,3,254
goat,reel,-0.5234592684487579,1.0,1.0,3981899,4,254
goat,CAROUSEL_ALBUM,-0.27889388122411196,1.0,1.0,3981899,4,254
goat,CAROUSEL_ALBUM,-0.1753347570858332,1.0,1.0,3981899,4,254
goat,reel,-0.8786739315637827,1.0,1.0,3981899,4,254
goat,CAROUSEL_ALBUM,-0.4779973487347023,1.0,1.0,3981899,4,254
lunya,CAROUSEL_ALBUM,-0.2840434988738915,0.0,9.0,266258,1,354
lunya,CAROUSEL_ALBUM,1.3826739874079232,0.0,9.0,266258,1,354
lunya,CAROUSEL_ALBUM,-0.25263174077971107,0.0,9.0,266258,1,354
lunya,IMAGE,-0.5501681840333464,0.0,9.0,266258,1,354
lunya,reel,-0.41710584145361895,0.0,9.0,266258,1,354
lunya,reel,-0.41710584145361895,1.0,9.0,266258,3,354
lunya,CAROUSEL_ALBUM,-0.3619896145159609,1.0,9.0,266258,3,354
lunya,CAROUSEL_ALBUM,-0.3619896145159609,1.0,9.0,266258,3,354
lunya,reel,-0.5501681840333464,1.0,9.0,266258,3,354
lunya,CAROUSEL_ALBUM,-0.3619896145159609,1.0,9.0,266258,3,354
lunya,reel,-0.2840434988738915,0.0,2.0,266258,3,354
lunya,CAROUSEL_ALBUM,-0.5501681840333464,0.0,2.0,266258,3,354
lunya,reel,-0.5501681840333464,0.0,2.0,266258,3,354
lunya,CAROUSEL_ALBUM,-0.1738110449985753,0.0,2.0,266258,3,354
lunya,IMAGE,-0.3196974461111229,0.0,2.0,266258,3,354
lunya,CAROUSEL_ALBUM,-0.25263174077971107,1.0,2.0,266258,4,354
lunya,CAROUSEL_ALBUM,-0.3196974461111229,1.0,2.0,266258,4,354
lunya,CAROUSEL_ALBUM,-0.25263174077971107,1.0,2.0,266258,4,354
lunya,CAROUSEL_ALBUM,-0.3196974461111229,1.0,2.0,266258,4,354
lunya,CAROUSEL_ALBUM,-0.41710584145361895,1.0,2.0,266258,4,354
lunya,IMAGE,-0.5501681840333464,0.0,1.0,266258,6,354
lunya,reel,-0.3196974461111229,0.0,1.0,266258,6,354
lunya,CAROUSEL_ALBUM,-0.10885031997065943,0.0,1.0,266258,6,354
lunya,reel,-0.08922670818889931,0.0,1.0,266258,6,354
lunya,IMAGE,-0.25263174077971107,0.0,1.0,266258,6,354
lunya,IMAGE,-0.5501681840333464,1.0,1.0,266258,6,354
lunya,IMAGE,-0.2840434988738915,1.0,1.0,266258,6,354
lunya,IMAGE,-0.3619896145159609,1.0,1.0,266258,6,354
lunya,CAROUSEL_ALBUM,-0.3619896145159609,1.0,1.0,266258,6,354
lunya,IMAGE,-0.3619896145159609,1.0,1.0,266258,6,354
lunya,IMAGE,-0.41710584145361895,0.0,1.0,266258,7,354
lunya,IMAGE,-0.3196974461111229,0.0,1.0,266258,7,354
lunya,IMAGE,-0.5501681840333464,0.0,1.0,266258,7,354
lunya,reel,-0.25263174077971107,0.0,1.0,266258,7,354
lunya,IMAGE,-0.2840434988738915,0.0,1.0,266258,7,354
lunya,IMAGE,-0.3196974461111229,1.0,1.0,266258,7,354
lunya,IMAGE,-0.5501681840333464,1.0,1.0,266258,7,354
lunya,IMAGE,-0.2840434988738915,1.0,1.0,266258,8,354
lunya,IMAGE,-0.5501681840333464,1.0,1.0,266258,8,354
lunya,IMAGE,-0.5501681840333464,1.0,1.0,266258,8,354
lunya,reel,1.4279457484361289,0.0,1.0,266258,10,354
lunya,CAROUSEL_ALBUM,0.990139791572778,0.0,1.0,266258,10,354
lunya,IMAGE,-0.3196974461111229,0.0,1.0,266258,10,354
lunya,CAROUSEL_ALBUM,0.9074567476745915,0.0,1.0,266258,10,354
lunya,reel,-0.25263174077971107,0.0,1.0,266258,10,354
lunya,IMAGE,-0.5501681840333464,1.0,1.0,266258,10,354
lunya,CAROUSEL_ALBUM,-0.2242333407336027,1.0,1.0,266258,10,354
lunya,CAROUSEL_ALBUM,-0.41710584145361895,1.0,1.0,266258,10,354
lunya,IMAGE,-0.3619896145159609,1.0,1.0,266258,10,354
lunya,IMAGE,-0.41710584145361895,1.0,1.0,266258,10,354
lunya,IMAGE,-0.2840434988738915,0.0,1.0,266258,7,354
lunya,IMAGE,-0.3619896145159609,0.0,1.0,266258,7,354
lunya,IMAGE,-0.5501681840333464,0.0,1.0,266258,7,354
lunya,reel,-0.5501681840333464,0.0,1.0,266258,7,354
lunya,IMAGE,-0.2840434988738915,0.0,1.0,266258,7,354
lunya,IMAGE,-0.25263174077971107,1.0,1.0,266258,7,354
lunya,IMAGE,-0.25263174077971107,1.0,1.0,266258,7,354
lunya,IMAGE,-0.5501681840333464,1.0,1.0,266258,7,354
lunya,CAROUSEL_ALBUM,-0.5501681840333464,1.0,1.0,266258,7,354
lunya,IMAGE,-0.2840434988738915,1.0,1.0,266258,7,354
pomelofashion,reel,-0.5215022608265549,0.0,1.0,789976,12,375
pomelofashion,reel,-0.34610736765721356,0.0,1.0,789976,12,375
pomelofashion,reel,0.06481839594493351,0.0,1.0,789976,12,375
pomelofashion,CAROUSEL_ALBUM,-0.30588171533021236,0.0,1.0,789976,12,375
pomelofashion,reel,-0.24562846313674602,0.0,1.0,789976,12,375
pomelofashion,reel,-0.35750667097963024,1.0,1.0,789976,12,375
pomelofashion,reel,-0.49552025684032364,1.0,1.0,789976,12,375
pomelofashion,reel,-0.3852905986870915,1.0,1.0,789976,12,375
pomelofashion,reel,1.0002464326025895,1.0,1.0,789976,12,375
pomelofashion,IMAGE,0.18762713408673903,1.0,1.0,789976,12,375
pomelofashion,reel,-0.8747979629732011,0.0,2.0,789976,6,375
pomelofashion,reel,-0.930876891127943,0.0,2.0,789976,6,375
pomelofashion,reel,-0.500668869293647,0.0,2.0,789976,6,375
pomelofashion,reel,-0.4041627939728857,0.0,2.0,789976,6,375
pomelofashion,reel,0.1405142508519552,0.0,2.0,789976,6,375
pomelofashion,reel,-0.1578881005557686,1.0,2.0,789976,6,375
pomelofashion,reel,0.5047373100803246,1.0,2.0,789976,6,375
pomelofashion,CAROUSEL_ALBUM,-0.8334983104543062,1.0,2.0,789976,6,375
pomelofashion,reel,-0.7048941014518015,1.0,2.0,789976,6,375
pomelofashion,CAROUSEL_ALBUM,-0.46761018047226577,1.0,2.0,789976,6,375
pomelofashion,reel,-0.8334983104543062,0.0,2.0,789976,3,375
pomelofashion,reel,-0.3736393360569576,0.0,2.0,789976,3,375
pomelofashion,CAROUSEL_ALBUM,-0.303682706785088,0.0,2.0,789976,3,375
pomelofashion,reel,0.905443876066852,0.0,2.0,789976,3,375
pomelofashion,reel,1.6315763408388708,0.0,2.0,789976,3,375
pomelofashion,CAROUSEL_ALBUM,-0.08826451966750058,1.0,2.0,789976,4,375
pomelofashion,CAROUSEL_ALBUM,0.09211353989043079,1.0,2.0,789976,4,375
pomelofashion,reel,0.1339172160031818,1.0,2.0,789976,4,375
pomelofashion,reel,0.301142197788839,1.0,2.0,789976,4,375
pomelofashion,reel,-0.1878891126545075,1.0,2.0,789976,4,375
pomelofashion,reel,0.33406661631057466,0.0,1.0,789976,7,375
pomelofashion,reel,0.12064860169075337,0.0,1.0,789976,7,375
pomelofashion,IMAGE,-0.8633139816127724,0.0,1.0,789976,7,375
pomelofashion,CAROUSEL_ALBUM,0.5586730947383092,0.0,1.0,789976,7,375
pomelofashion,IMAGE,-0.760076328202289,0.0,1.0,789976,7,375
pomelofashion,reel,0.12231267052575674,1.0,1.0,789976,7,375
pomelofashion,CAROUSEL_ALBUM,1.0615942548540567,1.0,1.0,789976,7,375
pomelofashion,CAROUSEL_ALBUM,-0.4452632941492938,1.0,1.0,789976,7,375
pomelofashion,reel,0.8730454815110286,1.0,1.0,789976,7,375
pomelofashion,reel,0.44940353009973893,1.0,1.0,789976,7,375
pomelofashion,reel,0.05792567697294952,0.0,2.0,789976,5,375
pomelofashion,reel,-0.5347242015510472,0.0,2.0,789976,5,375
pomelofashion,CAROUSEL_ALBUM,1.2741399626096128,0.0,2.0,789976,5,375
pomelofashion,reel,0.16503730573729777,0.0,2.0,789976,5,375
pomelofashion,reel,0.3968758300483723,0.0,2.0,789976,5,375
pomelofashion,reel,0.49241294499224664,1.0,2.0,789976,5,375
pomelofashion,CAROUSEL_ALBUM,-0.646875511324663,1.0,2.0,789976,5,375
pomelofashion,CAROUSEL_ALBUM,0.9532799482772566,1.0,2.0,789976,5,375
pomelofashion,CAROUSEL_ALBUM,-0.5032519917177362,1.0,2.0,789976,5,375
pomelofashion,reel,0.30566485473849697,1.0,2.0,789976,5,375
pomelofashion,CAROUSEL_ALBUM,-0.1758144725260187,0.0,3.0,789976,1,375
pomelofashion,reel,-0.1362700684469101,0.0,3.0,789976,1,375
pomelofashion,reel,-0.5347242015510472,0.0,3.0,789976,1,375
pomelofashion,reel,-0.5373877759634466,0.0,3.0,789976,1,375
pomelofashion,reel,-0.5920926500816112,0.0,3.0,789976,1,375
pomelofashion,reel,-0.12654639148850425,1.0,3.0,789976,2,375
pomelofashion,CAROUSEL_ALBUM,-0.6033831028114266,1.0,3.0,789976,2,375
pomelofashion,CAROUSEL_ALBUM,0.05446874575490315,1.0,3.0,789976,2,375
pomelofashion,CAROUSEL_ALBUM,-0.5084360718686716,1.0,3.0,789976,2,375
pomelofashion,reel,-0.500668869293647,1.0,3.0,789976,2,375
pomelofashion,reel,-0.848264127987504,0.0,1.0,789976,11,375
pomelofashion,reel,-0.500668869293647,0.0,1.0,789976,11,375
pomelofashion,reel,-0.8445466755947552,0.0,1.0,789976,11,375
pomelofashion,reel,-0.7143906535227774,0.0,1.0,789976,11,375
pomelofashion,reel,0.16990184040355538,0.0,1.0,789976,11,375
pomelofashion,CAROUSEL_ALBUM,-0.12848609192215152,1.0,1.0,789976,11,375
pomelofashion,CAROUSEL_ALBUM,-0.3483791220155099,1.0,1.0,789976,11,375
pomelofashion,reel,-0.8334983104543062,1.0,1.0,789976,11,375
pomelofashion,reel,-0.6892793521392095,1.0,1.0,789976,11,375
pomelofashion,CAROUSEL_ALBUM,-0.33256032079396736,1.0,1.0,789976,11,375
prettylittlething,reel,-0.00430565200042043,0.0,2.0,18004805,1,1669
prettylittlething,CAROUSEL_ALBUM,-0.35399809690737744,0.0,2.0,18004805,1,1669
prettylittlething,CAROUSEL_ALBUM,-0.389458899066094,0.0,2.0,18004805,1,1669
prettylittlething,CAROUSEL_ALBUM,-0.41933804365558824,0.0,2.0,18004805,1,1669
prettylittlething,reel,-0.07410563690159098,0.0,2.0,18004805,1,1669
prettylittlething,reel,-0.5932190103856544,1.0,2.0,18004805,1,1669
prettylittlething,CAROUSEL_ALBUM,-0.37063125069994574,1.0,2.0,18004805,1,1669
prettylittlething,IMAGE,-0.15356985070255186,1.0,2.0,18004805,1,1669
prettylittlething,IMAGE,0.2419044873582209,1.0,2.0,18004805,1,1669
prettylittlething,CAROUSEL_ALBUM,-0.48583629401511946,1.0,2.0,18004805,1,1669
prettylittlething,CAROUSEL_ALBUM,-0.253706567661538,0.0,9.0,18004805,4,1669
prettylittlething,CAROUSEL_ALBUM,-0.383139492121457,0.0,9.0,18004805,4,1669
prettylittlething,reel,-0.052696464590617345,0.0,9.0,18004805,4,1669
prettylittlething,CAROUSEL_ALBUM,1.006208630528573,0.0,9.0,18004805,4,1669
prettylittlething,IMAGE,1.857370682131486,0.0,9.0,18004805,4,1669
prettylittlething,reel,-0.4874668456906423,1.0,9.0,18004805,4,1669
prettylittlething,reel,0.634653097608864,1.0,9.0,18004805,4,1669
prettylittlething,reel,-0.2679466836745869,1.0,9.0,18004805,4,1669
prettylittlething,CAROUSEL_ALBUM,0.0935736817912888,1.0,9.0,18004805,4,1669
prettylittlething,reel,-0.45802814433128103,1.0,9.0,18004805,4,1669
prettylittlething,CAROUSEL_ALBUM,-0.5626331420440507,0.0,1.0,18004805,12,1669
prettylittlething,reel,-0.6227619000955179,0.0,1.0,18004805,12,1669
prettylittlething,reel,-0.19149052896982993,0.0,1.0,18004805,12,1669
prettylittlething,reel,-0.5080745896860602,0.0,1.0,18004805,12,1669
prettylittlething,reel,-0.4234129536352818,0.0,1.0,18004805,12,1669
prettylittlething,reel,-0.525159111492846,1.0,1.0,18004805,12,1669
prettylittlething,reel,0.3277192662698263,1.0,1.0,18004805,12,1669
prettylittlething,reel,-0.5360244956782959,1.0,1.0,18004805,12,1669
prettylittlething,CAROUSEL_ALBUM,-0.3178229488065298,1.0,1.0,18004805,12,1669
prettylittlething,CAROUSEL_ALBUM,0.8941122659888862,1.0,1.0,18004805,12,1669
prettylittlething,reel,-0.5114902289492141,0.0,1.0,18004805,2,1669
prettylittlething,reel,-0.6004941724239705,0.0,1.0,18004805,2,1669
prettylittlething,reel,-0.4142519529469446,0.0,1.0,18004805,2,1669
prettylittlething,reel,-0.5378328871191366,0.0,1.0,18004805,2,1669
prettylittlething,CAROUSEL_ALBUM,-0.49434271829164805,0.0,1.0,18004805,2,1669
prettylittlething,reel,-0.5186316187500181,1.0,1.0,18004805,2,1669
prettylittlething,reel,-0.6001129654647684,1.0,1.0,18004805,2,1669
prettylittlething,reel,-0.44396349853435735,1.0,1.0,18004805,2,1669
prettylittlething,reel,1.7789377334471312,1.0,1.0,18004805,2,1669
prettylittlething,reel,-0.6319654385888466,1.0,1.0,18004805,2,1669
prettylittlething,reel,-0.36032582113036327,0.0,1.0,18004805,12,1669
prettylittlething,reel,-0.2494924286515313,0.0,1.0,18004805,12,1669
prettylittlething,CAROUSEL_ALBUM,0.7353874711540622,0.0,1.0,18004805,12,1669
prettylittlething,reel,-0.14366505689491293,0.0,1.0,18004805,12,1669
prettylittlething,reel,-0.5505269074127557,0.0,1.0,18004805,12,1669
prettylittlething,IMAGE,-0.4872441911586449,1.0,1.0,18004805,1,1669
prettylittlething,CAROUSEL_ALBUM,-0.5540131132701801,1.0,1.0,18004805,1,1669
prettylittlething,CAROUSEL_ALBUM,-0.43098196444656983,1.0,1.0,18004805,1,1669
prettylittlething,IMAGE,0.15157100317358105,1.0,1.0,18004805,1,1669
prettylittlething,reel,-0.05619061965135287,1.0,1.0,18004805,1,1669
prettylittlething,IMAGE,1.3436031998239741,0.0,12.0,18004805,3,1669
prettylittlething,reel,0.08674797195636727,0.0,12.0,18004805,3,1669
prettylittlething,reel,1.617018781260294,0.0,12.0,18004805,3,1669
prettylittlething,CAROUSEL_ALBUM,-0.18610486803538862,0.0,12.0,18004805,3,1669
prettylittlething,reel,-0.262104256754809,0.0,12.0,18004805,3,1669
prettylittlething,IMAGE,0.5801270924952605,1.0,12.0,18004805,4,1669
prettylittlething,reel,-0.534223157076747,1.0,12.0,18004805,4,1669
prettylittlething,CAROUSEL_ALBUM,-0.11157625482647432,1.0,12.0,18004805,4,1669
prettylittlething,reel,-0.4234789148712054,1.0,12.0,18004805,4,1669
prettylittlething,CAROUSEL_ALBUM,-0.3110039672223497,1.0,12.0,18004805,4,1669
prettylittlething,reel,0.1722515192446627,0.0,1.0,18004805,2,1669
prettylittlething,reel,0.2284758595971778,0.0,1.0,18004805,2,1669
prettylittlething,IMAGE,0.4244359142321754,0.0,1.0,18004805,2,1669
prettylittlething,reel,0.44217446152186757,0.0,1.0,18004805,2,1669
prettylittlething,CAROUSEL_ALBUM,-0.346509225959817,0.0,1.0,18004805,2,1669
prettylittlething,CAROUSEL_ALBUM,-0.43770564122790095,1.0,1.0,18004805,2,1669
prettylittlething,reel,-0.5329174757058992,1.0,1.0,18004805,2,1669
prettylittlething,reel,-0.18368130836983795,1.0,1.0,18004805,2,1669
prettylittlething,CAROUSEL_ALBUM,0.2611321474146651,1.0,1.0,18004805,2,1669
prettylittlething,IMAGE,-0.21079890132851167,1.0,1.0,18004805,2,1669
prettylittlething,CAROUSEL_ALBUM,-0.4186834849075479,0.0,1.0,18004805,2,1669
prettylittlething,IMAGE,1.3214903282009944,0.0,1.0,18004805,2,1669
prettylittlething,CAROUSEL_ALBUM,0.37509429495888824,0.0,1.0,18004805,2,1669
prettylittlething,CAROUSEL_ALBUM,-0.5448876755615077,0.0,1.0,18004805,2,1669
prettylittlething,reel,-0.3645594833437805,0.0,1.0,18004805,2,1669
prettylittlething,reel,-0.7087839684534051,1.0,1.0,18004805,2,1669
prettylittlething,CAROUSEL_ALBUM,-0.4882097299299417,1.0,1.0,18004805,2,1669
prettylittlething,CAROUSEL_ALBUM,-0.47645056829721333,1.0,1.0,18004805,2,1669
prettylittlething,IMAGE,1.9881712325940895,1.0,1.0,18004805,2,1669
prettylittlething,IMAGE,1.9543268153605904,1.0,1.0,18004805,2,1669
prettylittlething,CAROUSEL_ALBUM,-0.21258213400745632,0.0,3.0,18004805,4,1669
prettylittlething,CAROUSEL_ALBUM,-0.43858565591325865,0.0,3.0,18004805,4,1669
prettylittlething,IMAGE,1.0173893315493798,0.0,3.0,18004805,4,1669
prettylittlething,reel,0.3158032601598551,0.0,3.0,18004805,4,1669
prettylittlething,IMAGE,-0.6158559742372984,0.0,3.0,18004805,4,1669
prettylittlething,reel,-0.6437525971372882,1.0,3.0,18004805,4,1669
prettylittlething,reel,-0.5670078178371979,1.0,3.0,18004805,4,1669
prettylittlething,CAROUSEL_ALBUM,1.4358869809207282,1.0,3.0,18004805,4,1669
prettylittlething,reel,-0.5529899327591837,1.0,3.0,18004805,4,1669
prettylittlething,reel,1.8123730264356082,1.0,3.0,18004805,4,1669
prettylittlething,reel,-0.56306862909053,0.0,2.0,18004805,12,1669
prettylittlething,CAROUSEL_ALBUM,-0.04829697203007658,0.0,2.0,18004805,12,1669
prettylittlething,IMAGE,0.255068256241122,0.0,2.0,18004805,12,1669
prettylittlething,reel,-0.5808608381039171,0.0,2.0,18004805,12,1669
prettylittlething,reel,0.26767606097021573,0.0,2.0,18004805,12,1669
prettylittlething,reel,-0.6085857335232205,1.0,2.0,18004805,12,1669
prettylittlething,IMAGE,-0.5065298752039917,1.0,2.0,18004805,12,1669
prettylittlething,reel,-0.4680883533373814,1.0,2.0,18004805,12,1669
prettylittlething,reel,0.2145548291128177,1.0,2.0,18004805,12,1669
prettylittlething,reel,-0.36743778425792895,1.0,2.0,18004805,12,1669
prettylittlething,CAROUSEL_ALBUM,-0.46197299816273396,0.0,2.0,18004805,6,1669
prettylittlething,reel,-0.467730878104293,0.0,2.0,18004805,6,1669
prettylittlething,reel,-0.6193432352784383,0.0,2.0,18004805,6,1669
prettylittlething,reel,-0.534141444294556,0.0,2.0,18004805,6,1669
prettylittlething,CAROUSEL_ALBUM,-0.5481616129814629,0.0,2.0,18004805,6,1669
prettylittlething,reel,-0.46154894745322167,1.0,2.0,18004805,6,1669
prettylittlething,reel,-0.008356330321019425,1.0,2.0,18004805,6,1669
prettylittlething,CAROUSEL_ALBUM,-0.3913300775729187,1.0,2.0,18004805,6,1669
prettylittlething,reel,-0.656611316582177,1.0,2.0,18004805,6,1669
prettylittlething,CAROUSEL_ALBUM,-0.3962853550870215,1.0,2.0,18004805,6,1669
prettylittlething,reel,0.4025555804171235,0.0,1.0,18004805,1,1669
prettylittlething,CAROUSEL_ALBUM,-0.2614865445324601,0.0,1.0,18004805,1,1669
prettylittlething,CAROUSEL_ALBUM,-0.35629723588744194,0.0,1.0,18004805,1,1669
prettylittlething,reel,-0.1846591841955262,0.0,1.0,18004805,1,1669
prettylittlething,reel,0.959009097181942,0.0,1.0,18004805,1,1669
prettylittlething,CAROUSEL_ALBUM,-0.44075776773098013,1.0,1.0,18004805,1,1669
prettylittlething,CAROUSEL_ALBUM,0.9115755462430314,1.0,1.0,18004805,1,1669
prettylittlething,reel,-0.2667019097381437,1.0,1.0,18004805,1,1669
prettylittlething,reel,1.0485851098171683,1.0,1.0,18004805,1,1669
prettylittlething,CAROUSEL_ALBUM,0.054909385214889875,1.0,1.0,18004805,1,1669
prettylittlething,reel,-0.5976439697770707,0.0,1.0,18004805,2,1669
prettylittlething,reel,-0.11883096493052533,0.0,1.0,18004805,2,1669
prettylittlething,CAROUSEL_ALBUM,-0.4607018502337889,0.0,1.0,18004805,2,1669
prettylittlething,reel,-0.6062567998736171,0.0,1.0,18004805,2,1669
prettylittlething,CAROUSEL_ALBUM,-0.4915661968586312,0.0,1.0,18004805,2,1669
prettylittlething,reel,0.7302205185392346,1.0,1.0,18004805,2,1669
prettylittlething,IMAGE,1.8093241412536734,1.0,1.0,18004805,2,1669
prettylittlething,reel,-0.4847275246721623,1.0,1.0,18004805,2,1669
prettylittlething,IMAGE,-0.15685231667358956,1.0,1.0,18004805,2,1669
prettylittlething,reel,-0.41581217061813286,1.0,1.0,18004805,2,1669
prettylittlething,IMAGE,0.007899197399170808,0.0,1.0,18004805,10,1669
prettylittlething,reel,-0.27388858502959174,0.0,1.0,18004805,10,1669
prettylittlething,reel,-0.415096552374231,0.0,1.0,18004805,10,1669
prettylittlething,CAROUSEL_ALBUM,-0.519898276312712,0.0,1.0,18004805,10,1669
prettylittlething,IMAGE,-0.055185226035131124,0.0,1.0,18004805,10,1669
prettylittlething,reel,-0.44533328014991935,1.0,1.0,18004805,10,1669
prettylittlething,reel,-0.637074937967214,1.0,1.0,18004805,10,1669
prettylittlething,CAROUSEL_ALBUM,-0.4991058695410604,1.0,1.0,18004805,10,1669
prettylittlething,IMAGE,0.21586670833665647,1.0,1.0,18004805,10,1669
prettylittlething,reel,-0.5610689833816208,1.0,1.0,18004805,10,1669
fashionphile,reel,-0.6730906896191285,0.0,4.0,517955,8,417
fashionphile,reel,-0.3492355776805682,0.0,4.0,517955,8,417
fashionphile,reel,-0.17644433779756047,0.0,4.0,517955,8,417
fashionphile,reel,0.6127763323522659,0.0,4.0,517955,8,417
fashionphile,reel,-0.004487675827769406,0.0,4.0,517955,8,417
fashionphile,reel,-0.08011819973733389,1.0,4.0,517955,8,417
fashionphile,IMAGE,-0.24087539939694616,1.0,4.0,517955,8,417
fashionphile,reel,-0.08603463366796199,1.0,4.0,517955,8,417
fashionphile,reel,0.630890873304213,1.0,4.0,517955,8,417
fashionphile,reel,-0.01395585255303593,1.0,4.0,517955,9,417
fashionphile,reel,-0.2289929831510553,0.0,1.0,517955,12,417
fashionphile,CAROUSEL_ALBUM,-0.14627523230490383,0.0,1.0,517955,12,417
fashionphile,reel,0.04846658421181673,0.0,1.0,517955,12,417
fashionphile,reel,0.03564514721579403,0.0,1.0,517955,12,417
fashionphile,reel,0.5240090164993464,0.0,1.0,517955,12,417
fashionphile,CAROUSEL_ALBUM,-0.24287144947785538,1.0,1.0,517955,12,417
fashionphile,reel,0.014984067221690558,1.0,1.0,517955,12,417
fashionphile,IMAGE,-0.35838603541361164,1.0,1.0,517955,12,417
fashionphile,reel,-0.40344439726344816,1.0,1.0,517955,12,417
fashionphile,reel,-0.43087581601134933,1.0,1.0,517955,12,417
